,Book_no,Book,Section,Vasusena_count,Karna_count,Suta's son_count,Radheya_count,Vrisha_count,Vaikartana_count,Karna_total_count
0,1,ADI PARVA,I,0,8,0,0,0,0,8
1,1,ADI PARVA,II,0,15,0,0,1,0,16
2,1,ADI PARVA,III,0,0,0,0,0,0,0
3,1,ADI PARVA,IV,0,0,0,0,0,0,0
4,1,ADI PARVA,V,0,0,0,0,0,0,0
5,1,ADI PARVA,VI,0,0,0,0,0,0,0
6,1,ADI PARVA,VII,0,0,0,0,0,0,0
7,1,ADI PARVA,VIII,0,0,0,0,0,0,0
8,1,ADI PARVA,IX,0,0,0,0,0,0,0
9,1,ADI PARVA,X,0,0,0,0,0,0,0
10,1,ADI PARVA,XI,0,0,0,0,0,0,0
11,1,ADI PARVA,XII,0,0,0,0,0,0,0
12,1,ADI PARVA,XIII,0,0,0,0,0,0,0
13,1,ADI PARVA,XIV,0,0,0,0,0,0,0
14,1,ADI PARVA,XV,0,0,0,0,0,0,0
15,1,ADI PARVA,XVI,0,0,0,0,0,0,0
16,1,ADI PARVA,XVII,0,0,0,0,0,0,0
17,1,ADI PARVA,XVIII,0,0,0,0,0,0,0
18,1,ADI PARVA,XIX,0,0,0,0,0,0,0
19,1,ADI PARVA,XX,0,0,0,0,0,0,0
20,1,ADI PARVA,XXI,0,0,0,0,0,0,0
21,1,ADI PARVA,XXII,0,0,0,0,0,0,0
22,1,ADI PARVA,XXIII,0,0,0,0,0,0,0
23,1,ADI PARVA,XXIV,0,0,0,0,0,0,0
24,1,ADI PARVA,XXV,0,0,0,0,0,0,0
25,1,ADI PARVA,XXVI,0,0,0,0,0,0,0
26,1,ADI PARVA,XXVII,0,0,0,0,0,0,0
27,1,ADI PARVA,XXVIII,0,0,0,0,0,0,0
28,1,ADI PARVA,XXIX,0,0,0,0,0,0,0
29,1,ADI PARVA,XXX,0,0,0,0,0,0,0
30,1,ADI PARVA,XXXI,0,0,0,0,0,0,0
31,1,ADI PARVA,XXXII,0,0,0,0,0,0,0
32,1,ADI PARVA,XXXIII,0,0,0,0,0,0,0
33,1,ADI PARVA,XXXIV,0,0,0,0,0,0,0
34,1,ADI PARVA,XXXV,0,0,0,0,0,0,0
35,1,ADI PARVA,XXXVI,0,0,0,0,0,0,0
36,1,ADI PARVA,XXXVII,0,0,0,0,0,0,0
37,1,ADI PARVA,XXXVIII,0,0,0,0,0,0,0
38,1,ADI PARVA,XXXIX,0,0,0,0,0,0,0
39,1,ADI PARVA,XL,0,0,0,0,0,0,0
40,1,ADI PARVA,XLI,0,0,0,0,0,0,0
41,1,ADI PARVA,XLII,0,0,0,0,0,0,0
42,1,ADI PARVA,XLIII,0,0,0,0,0,0,0
43,1,ADI PARVA,XLIV,0,0,0,0,0,0,0
44,1,ADI PARVA,XLV,0,0,0,0,0,0,0
45,1,ADI PARVA,XLVI,0,0,0,0,0,0,0
46,1,ADI PARVA,XLVII,0,0,0,0,0,0,0
47,1,ADI PARVA,XLVIII,0,0,0,0,0,0,0
48,1,ADI PARVA,XLIX,0,0,0,0,0,0,0
49,1,ADI PARVA,L,0,0,0,0,0,0,0
50,1,ADI PARVA,LI,0,0,0,0,0,0,0
51,1,ADI PARVA,LII,0,0,0,0,0,0,0
52,1,ADI PARVA,LIII,0,0,0,0,0,0,0
53,1,ADI PARVA,LIV,0,0,0,0,0,0,0
54,1,ADI PARVA,LV,0,0,0,0,0,0,0
55,1,ADI PARVA,LVI,0,0,0,0,0,0,0
56,1,ADI PARVA,LVII,0,0,0,0,0,0,0
57,1,ADI PARVA,LVIII,0,0,0,0,0,0,0
58,1,ADI PARVA,LIX,0,0,0,0,0,0,0
59,1,ADI PARVA,LX,0,0,0,0,0,0,0
60,1,ADI PARVA,LXI,0,2,0,0,1,0,3
61,1,ADI PARVA,LXII,0,0,0,0,0,0,0
62,1,ADI PARVA,LXIII,0,0,0,0,0,0,0
63,1,ADI PARVA,LXIV,0,0,0,0,0,0,0
64,1,ADI PARVA,LXV,0,0,0,0,1,0,1
65,1,ADI PARVA,LXVI,0,0,0,0,0,0,0
66,1,ADI PARVA,LXVII,2,3,0,0,2,0,7
67,1,ADI PARVA,LXVIII,0,0,0,0,0,0,0
68,1,ADI PARVA,LXIX,0,0,0,0,0,0,0
69,1,ADI PARVA,LXX,0,0,0,0,0,0,0
70,1,ADI PARVA,LXXI,0,0,0,0,0,0,0
71,1,ADI PARVA,LXXII,0,0,0,0,0,0,0
72,1,ADI PARVA,LXXIII,0,0,0,0,0,0,0
73,1,ADI PARVA,LXXIV,0,0,0,0,0,0,0
74,1,ADI PARVA,LXXV,0,0,0,0,0,0,0
75,1,ADI PARVA,LXXVI,0,0,0,0,3,0,3
76,1,ADI PARVA,LXXVII,0,0,0,0,0,0,0
77,1,ADI PARVA,LXXVIII,0,0,0,0,7,0,7
78,1,ADI PARVA,LXXIX,0,0,0,0,1,0,1
79,1,ADI PARVA,LXXX,0,0,0,0,7,0,7
80,1,ADI PARVA,LXXXI,0,0,0,0,2,0,2
81,1,ADI PARVA,LXXXII,0,0,0,0,4,0,4
82,1,ADI PARVA,LXXXIII,0,0,0,0,2,0,2
83,1,ADI PARVA,LXXXIV,0,0,0,0,0,0,0
84,1,ADI PARVA,LXXXV,0,0,0,0,0,0,0
85,1,ADI PARVA,LXXXVI,0,0,0,0,0,0,0
86,1,ADI PARVA,LXXXVII,0,0,0,0,0,0,0
87,1,ADI PARVA,LXXXVIII,0,0,0,0,0,0,0
88,1,ADI PARVA,LXXXIX,0,0,0,0,0,0,0
89,1,ADI PARVA,XC,0,0,0,0,0,0,0
90,1,ADI PARVA,XCI,0,0,0,0,0,0,0
91,1,ADI PARVA,XCII,0,0,0,0,0,0,0
92,1,ADI PARVA,XCIII,0,0,0,0,0,0,0
93,1,ADI PARVA,XCIV,0,0,0,0,0,0,0
94,1,ADI PARVA,XCV,0,0,0,0,2,0,2
95,1,ADI PARVA,XCVI,0,0,0,0,0,0,0
96,1,ADI PARVA,XCVII,0,0,0,0,0,0,0
97,1,ADI PARVA,XCVIII,0,0,0,0,0,0,0
98,1,ADI PARVA,XCIX,0,0,0,0,0,0,0
99,1,ADI PARVA,C,0,0,0,0,0,0,0
100,1,ADI PARVA,CI,0,0,0,0,0,0,0
101,1,ADI PARVA,CII,0,0,0,0,0,0,0
102,1,ADI PARVA,CIII,0,0,0,0,0,0,0
103,1,ADI PARVA,CIV,0,0,0,0,1,0,1
104,1,ADI PARVA,CV,0,0,0,0,0,0,0
105,1,ADI PARVA,CVI,0,0,0,0,0,0,0
106,1,ADI PARVA,CVII,0,0,0,0,0,0,0
107,1,ADI PARVA,CVIII,0,0,0,0,0,0,0
108,1,ADI PARVA,CIX,0,0,0,0,0,0,0
109,1,ADI PARVA,CX,0,0,0,0,0,0,0
110,1,ADI PARVA,CXI,4,5,0,0,0,0,9
111,1,ADI PARVA,CXII,0,0,0,0,0,0,0
112,1,ADI PARVA,CXIII,0,0,0,0,0,0,0
113,1,ADI PARVA,CXIV,0,0,0,0,0,0,0
114,1,ADI PARVA,CXV,0,1,0,0,0,0,1
115,1,ADI PARVA,CXVI,0,0,0,0,0,0,0
116,1,ADI PARVA,CXVII,0,2,0,0,0,0,2
117,1,ADI PARVA,CXVIII,0,0,0,0,0,0,0
118,1,ADI PARVA,CXIX,0,0,0,0,0,0,0
119,1,ADI PARVA,CXX,0,0,0,0,0,0,0
120,1,ADI PARVA,CXXI,0,0,0,0,0,0,0
121,1,ADI PARVA,CXXII,0,0,0,0,0,0,0
122,1,ADI PARVA,CXXIII,0,0,0,0,0,0,0
123,1,ADI PARVA,CXXIV,0,0,0,0,0,0,0
124,1,ADI PARVA,CXXV,0,0,0,0,0,0,0
125,1,ADI PARVA,CXXVI,0,0,0,0,0,0,0
126,1,ADI PARVA,CXXVII,0,0,0,0,0,0,0
127,1,ADI PARVA,CXXVIII,0,0,0,0,0,0,0
128,1,ADI PARVA,CXXIX,0,1,0,0,0,0,1
129,1,ADI PARVA,CXXX,0,0,0,0,0,0,0
130,1,ADI PARVA,CXXXI,0,0,0,0,0,0,0
131,1,ADI PARVA,CXXXII,0,0,0,0,0,0,0
132,1,ADI PARVA,CXXXIII,0,0,0,0,0,0,0
133,1,ADI PARVA,CXXXIV,0,2,0,0,0,0,2
134,1,ADI PARVA,CXXXV,0,0,0,0,0,0,0
135,1,ADI PARVA,CXXXVI,0,0,0,0,0,0,0
136,1,ADI PARVA,CXXXVII,0,0,0,0,0,0,0
137,1,ADI PARVA,CXXXVIII,0,16,0,0,0,0,16
138,1,ADI PARVA,CXXXIX,0,13,0,0,0,0,13
139,1,ADI PARVA,CXL,0,2,0,0,0,0,2
140,1,ADI PARVA,CXLI,0,0,0,0,0,0,0
141,1,ADI PARVA,CXLII,0,0,0,0,0,0,0
142,1,ADI PARVA,CXLIII,0,1,0,0,0,0,1
143,1,ADI PARVA,CXLIV,0,1,0,0,0,0,1
144,1,ADI PARVA,CXLV,0,0,0,0,0,0,0
145,1,ADI PARVA,CXLVI,0,0,0,0,0,0,0
146,1,ADI PARVA,CXLVII,0,0,0,0,0,0,0
147,1,ADI PARVA,CXLVIII,0,0,0,0,0,0,0
148,1,ADI PARVA,CXLIX,0,0,0,0,0,0,0
149,1,ADI PARVA,CL,0,0,0,0,0,0,0
150,1,ADI PARVA,CLI,0,1,0,0,0,0,1
151,1,ADI PARVA,CLII,0,0,0,0,0,0,0
152,1,ADI PARVA,CLIII,0,1,0,0,0,0,1
153,1,ADI PARVA,CLIV,0,0,0,0,0,0,0
154,1,ADI PARVA,CLV,0,0,0,0,0,0,0
155,1,ADI PARVA,CLVI,0,0,0,0,0,0,0
156,1,ADI PARVA,CLVII,0,2,0,0,0,0,2
157,1,ADI PARVA,CLVIII,0,0,0,0,0,0,0
158,1,ADI PARVA,CLIX,0,0,0,0,0,0,0
159,1,ADI PARVA,CLX,0,0,0,0,0,0,0
160,1,ADI PARVA,CLXI,0,0,0,0,0,0,0
161,1,ADI PARVA,CLXII,0,0,0,0,0,0,0
162,1,ADI PARVA,CLXIII,0,0,0,0,0,0,0
163,1,ADI PARVA,CLXIV,0,0,0,0,0,0,0
164,1,ADI PARVA,CLXV,0,0,0,0,0,0,0
165,1,ADI PARVA,CLXVI,0,0,0,0,0,0,0
166,1,ADI PARVA,CLXVII,0,0,0,0,0,0,0
167,1,ADI PARVA,CLXVIII,0,0,0,0,0,0,0
168,1,ADI PARVA,CLXIX,0,0,0,0,0,0,0
169,1,ADI PARVA,CLXX,0,0,0,0,0,0,0
170,1,ADI PARVA,CLXXI,0,0,0,0,0,0,0
171,1,ADI PARVA,CLXXII,0,0,0,0,0,0,0
172,1,ADI PARVA,CLXXIII,0,0,0,0,0,0,0
173,1,ADI PARVA,CLXXIV,0,0,0,0,0,0,0
174,1,ADI PARVA,CLXXV,0,0,0,0,0,0,0
175,1,ADI PARVA,CLXXVI,0,0,0,0,0,0,0
176,1,ADI PARVA,CLXXVII,0,0,0,0,0,0,0
177,1,ADI PARVA,CLXXVIII,0,0,0,0,0,0,0
178,1,ADI PARVA,CLXXIX,0,0,0,0,0,0,0
179,1,ADI PARVA,CLXXX,0,0,0,0,0,0,0
180,1,ADI PARVA,CLXXXI,0,0,0,0,0,0,0
181,1,ADI PARVA,CLXXXII,0,0,0,0,0,0,0
182,1,ADI PARVA,CLXXXIII,0,0,0,0,0,0,0
183,1,ADI PARVA,CLXXXIV,0,0,0,0,0,0,0
184,1,ADI PARVA,CLXXXV,0,0,0,0,0,0,0
185,1,ADI PARVA,CLXXXVI,0,0,0,0,0,0,0
186,1,ADI PARVA,CLXXXVII,0,0,0,0,0,0,0
187,1,ADI PARVA,CLXXXVIII,0,1,0,0,0,0,1
188,1,ADI PARVA,CLXXXIX,0,5,0,0,0,0,5
189,1,ADI PARVA,CLXL,0,0,0,0,0,0,0
190,1,ADI PARVA,CLXLI,0,0,0,0,0,0,0
191,1,ADI PARVA,CLXLII,0,13,0,1,0,0,14
192,1,ADI PARVA,CLXLIII,0,0,0,0,0,0,0
193,1,ADI PARVA,CLXLIV,0,0,0,0,0,0,0
194,1,ADI PARVA,CLXLV,0,0,0,0,0,0,0
195,1,ADI PARVA,CLXLVI,0,0,0,0,0,0,0
196,1,ADI PARVA,CLXLVII,0,0,0,0,0,0,0
197,1,ADI PARVA,CLXLVIII,0,0,0,0,0,0,0
198,1,ADI PARVA,CLXLIX,0,0,0,0,0,0,0
199,1,ADI PARVA,CC,0,0,0,0,0,0,0
200,1,ADI PARVA,CCI,0,0,0,0,0,0,0
201,1,ADI PARVA,CCII,0,2,0,0,0,0,2
202,1,ADI PARVA,CCIII,0,2,0,3,0,0,5
203,1,ADI PARVA,CCIV,0,1,0,1,0,0,2
204,1,ADI PARVA,CCV,0,0,0,0,0,0,0
205,1,ADI PARVA,CCVI,0,3,0,0,0,0,3
206,1,ADI PARVA,CCVII,0,2,0,0,0,0,2
207,1,ADI PARVA,CCVIII,0,0,0,0,0,0,0
208,1,ADI PARVA,CCIX,0,0,0,0,0,0,0
209,1,ADI PARVA,CCX,0,0,0,0,0,0,0
210,1,ADI PARVA,CCXI,0,0,0,0,0,0,0
211,1,ADI PARVA,CCXII,0,0,0,0,0,0,0
212,1,ADI PARVA,CCXIII,0,0,0,0,0,0,0
213,1,ADI PARVA,CCXIV,0,0,0,0,0,0,0
214,1,ADI PARVA,CCXV,0,0,0,0,0,0,0
215,1,ADI PARVA,CCXVI,0,0,0,0,0,0,0
216,1,ADI PARVA,CCXVII,0,0,0,0,0,0,0
217,1,ADI PARVA,CCXVIII,0,0,0,0,0,0,0
218,1,ADI PARVA,CCXIX,0,0,0,0,0,0,0
219,1,ADI PARVA,CCXX,0,0,0,0,0,0,0
220,1,ADI PARVA,CCXXI,0,0,0,0,0,0,0
221,1,ADI PARVA,CCXXII,0,0,0,0,0,0,0
222,1,ADI PARVA,CCXXIII,0,0,0,0,0,0,0
223,1,ADI PARVA,CCXXIV,0,0,0,0,0,0,0
224,1,ADI PARVA,CCXXV,0,0,0,0,0,0,0
225,1,ADI PARVA,CCXXVI,0,0,0,0,0,0,0
226,1,ADI PARVA,CCXXVII,0,0,0,0,0,0,0
227,1,ADI PARVA,CCXXVIII,0,0,0,0,0,0,0
228,1,ADI PARVA,CCXXIX,0,0,0,0,0,0,0
229,1,ADI PARVA,CCXXX,0,0,0,0,0,0,0
230,1,ADI PARVA,CCXXXI,0,0,0,0,0,0,0
231,1,ADI PARVA,CCXXXII,0,0,0,0,0,0,0
232,1,ADI PARVA,CCXXXIII,0,0,0,0,0,0,0
233,1,ADI PARVA,CCXXXIV,0,0,0,0,0,0,0
234,1,ADI PARVA,CCXXXV,0,0,0,0,0,0,0
235,1,ADI PARVA,CCXXXVI,0,0,0,0,0,0,0
236,2,SABHA PARVA,I,0,0,0,0,1,0,1
237,2,SABHA PARVA,II,0,0,0,0,0,0,0
238,2,SABHA PARVA,III,0,0,0,0,2,0,2
239,2,SABHA PARVA,IV,0,0,0,0,0,0,0
240,2,SABHA PARVA,V,0,0,0,0,0,0,0
241,2,SABHA PARVA,VI,0,0,0,0,0,0,0
242,2,SABHA PARVA,VII,0,0,0,0,0,0,0
243,2,SABHA PARVA,VIII,0,0,0,0,3,0,3
244,2,SABHA PARVA,IX,0,0,0,0,0,0,0
245,2,SABHA PARVA,X,0,1,0,0,0,0,1
246,2,SABHA PARVA,XI,0,0,0,0,0,0,0
247,2,SABHA PARVA,XII,0,0,0,0,0,0,0
248,2,SABHA PARVA,XIII,0,0,0,0,0,0,0
249,2,SABHA PARVA,XIV,0,0,0,0,0,0,0
250,2,SABHA PARVA,XV,0,0,0,0,0,0,0
251,2,SABHA PARVA,XVI,0,0,0,0,0,0,0
252,2,SABHA PARVA,XVII,0,0,0,0,0,0,0
253,2,SABHA PARVA,XVIII,0,0,0,0,0,0,0
254,2,SABHA PARVA,XIX,0,0,0,0,0,0,0
255,2,SABHA PARVA,XX,0,0,0,0,0,0,0
256,2,SABHA PARVA,XXI,0,0,0,0,1,0,1
257,2,SABHA PARVA,XXII,0,0,0,0,0,0,0
258,2,SABHA PARVA,XXIII,0,0,0,0,0,0,0
259,2,SABHA PARVA,XXIV,0,0,0,0,0,0,0
260,2,SABHA PARVA,XXV,0,0,0,0,0,0,0
261,2,SABHA PARVA,XXVI,0,0,0,0,0,0,0
262,2,SABHA PARVA,XXVII,0,0,0,0,0,0,0
263,2,SABHA PARVA,XXVIII,0,0,0,0,0,0,0
264,2,SABHA PARVA,XXIX,0,2,0,0,0,0,2
265,2,SABHA PARVA,XXX,0,1,0,0,0,0,1
266,2,SABHA PARVA,XXXI,0,1,0,0,0,0,1
267,2,SABHA PARVA,XXXII,0,0,0,0,0,0,0
268,2,SABHA PARVA,XXXIII,0,1,0,0,1,0,2
269,2,SABHA PARVA,XXXIV,0,0,0,0,0,0,0
270,2,SABHA PARVA,XXXV,0,0,0,0,0,0,0
271,2,SABHA PARVA,XXXVI,0,1,0,0,0,0,1
272,2,SABHA PARVA,XXXVII,0,0,0,0,0,0,0
273,2,SABHA PARVA,XXXVIII,0,0,0,0,0,0,0
274,2,SABHA PARVA,XXXIX,0,0,0,0,0,0,0
275,2,SABHA PARVA,XL,0,0,0,0,1,0,1
276,2,SABHA PARVA,XLI,0,0,0,0,0,0,0
277,2,SABHA PARVA,XLII,0,0,0,0,0,0,0
278,2,SABHA PARVA,XLIII,0,1,0,0,1,0,2
279,2,SABHA PARVA,XLIV,0,0,0,0,0,0,0
280,2,SABHA PARVA,XLV,0,0,0,0,1,0,1
281,2,SABHA PARVA,XLVI,0,0,0,0,0,0,0
282,2,SABHA PARVA,XLVII,0,1,0,0,0,0,1
283,2,SABHA PARVA,XLVIII,0,0,0,0,0,0,0
284,2,SABHA PARVA,XLIX,0,0,0,0,0,0,0
285,2,SABHA PARVA,L,0,0,0,0,0,0,0
286,2,SABHA PARVA,LI,0,1,0,0,0,0,1
287,2,SABHA PARVA,LII,0,0,0,0,0,0,0
288,2,SABHA PARVA,LIII,0,0,0,0,0,0,0
289,2,SABHA PARVA,LIV,0,0,0,0,0,0,0
290,2,SABHA PARVA,LV,0,0,0,0,0,0,0
291,2,SABHA PARVA,LVI,0,0,0,0,0,0,0
292,2,SABHA PARVA,LVII,0,1,0,0,0,0,1
293,2,SABHA PARVA,LVIII,0,0,0,0,0,0,0
294,2,SABHA PARVA,LIX,0,0,0,0,0,0,0
295,2,SABHA PARVA,LX,0,0,0,0,0,0,0
296,2,SABHA PARVA,LXI,0,0,0,0,0,0,0
297,2,SABHA PARVA,LXII,0,0,0,0,0,0,0
298,2,SABHA PARVA,LXIII,0,0,0,0,0,0,0
299,2,SABHA PARVA,LXIV,0,1,0,0,0,0,1
300,2,SABHA PARVA,LXV,0,0,0,0,0,0,0
301,2,SABHA PARVA,LXVI,0,2,0,0,0,0,2
302,2,SABHA PARVA,LXVII,0,1,0,0,0,0,1
303,2,SABHA PARVA,LXVIII,0,0,0,0,0,0,0
304,2,SABHA PARVA,LXIX,0,0,0,0,0,0,0
305,2,SABHA PARVA,LXX,0,1,0,0,0,0,1
306,2,SABHA PARVA,LXXI,0,2,0,0,0,0,2
307,2,SABHA PARVA,LXXII,0,0,0,0,0,0,0
308,2,SABHA PARVA,LXXIII,0,1,0,0,0,0,1
309,2,SABHA PARVA,LXXIV,0,0,0,0,0,0,0
310,2,SABHA PARVA,LXXV,0,0,0,0,0,0,0
311,2,SABHA PARVA,LXXVI,0,4,0,0,0,0,4
312,2,SABHA PARVA,LXXVII,0,0,0,0,0,0,0
313,2,SABHA PARVA,LXXVIII,0,0,0,0,0,0,0
314,2,SABHA PARVA,LXXIX,0,2,0,0,0,0,2
315,2,SABHA PARVA,LXXX,0,1,0,0,0,0,1
316,3,VANA PARVA,I,0,1,0,0,0,0,1
317,3,VANA PARVA,II,0,0,0,0,0,0,0
318,3,VANA PARVA,III,0,0,0,0,1,0,1
319,3,VANA PARVA,IV,0,1,0,0,0,0,1
320,3,VANA PARVA,V,0,0,0,0,0,0,0
321,3,VANA PARVA,VI,0,0,0,0,0,0,0
322,3,VANA PARVA,VII,0,4,0,0,0,0,4
323,3,VANA PARVA,VIII,0,0,0,0,0,0,0
324,3,VANA PARVA,IX,0,0,0,0,0,0,0
325,3,VANA PARVA,X,0,0,0,0,0,0,0
326,3,VANA PARVA,XI,0,0,0,0,0,0,0
327,3,VANA PARVA,XII,0,3,0,0,0,0,3
328,3,VANA PARVA,XIII,0,0,0,0,0,0,0
329,3,VANA PARVA,XIV,0,0,0,0,0,0,0
330,3,VANA PARVA,XV,0,0,0,0,0,0,0
331,3,VANA PARVA,XVI,0,0,0,0,0,0,0
332,3,VANA PARVA,XVII,0,0,0,0,0,0,0
333,3,VANA PARVA,XVIII,0,0,0,0,0,0,0
334,3,VANA PARVA,XIX,0,0,0,0,0,0,0
335,3,VANA PARVA,XX,0,0,0,0,0,0,0
336,3,VANA PARVA,XXI,0,0,1,0,0,0,1
337,3,VANA PARVA,XXII,0,0,0,0,0,0,0
338,3,VANA PARVA,XXIII,0,1,0,0,0,0,1
339,3,VANA PARVA,XXIV,0,0,0,0,0,0,0
340,3,VANA PARVA,XXV,0,0,0,0,0,0,0
341,3,VANA PARVA,XXVI,0,1,0,0,1,0,2
342,3,VANA PARVA,XXVII,0,1,0,0,0,0,1
343,3,VANA PARVA,XXVIII,0,0,0,0,0,0,0
344,3,VANA PARVA,XXIX,0,0,0,0,0,0,0
345,3,VANA PARVA,XXX,0,0,0,0,0,0,0
346,3,VANA PARVA,XXXI,0,0,0,0,0,0,0
347,3,VANA PARVA,XXXII,0,0,0,0,0,0,0
348,3,VANA PARVA,XXXIII,0,0,0,0,0,0,0
349,3,VANA PARVA,XXXIV,0,0,0,0,0,0,0
350,3,VANA PARVA,XXXV,0,0,0,0,0,0,0
351,3,VANA PARVA,XXXVI,0,3,1,0,0,0,4
352,3,VANA PARVA,XXXVII,0,1,0,0,0,0,1
353,3,VANA PARVA,XXXVIII,0,0,0,0,0,0,0
354,3,VANA PARVA,XXXIX,0,0,0,0,0,0,0
355,3,VANA PARVA,XL,0,2,0,0,0,0,2
356,3,VANA PARVA,XLI,0,1,0,0,0,0,1
357,3,VANA PARVA,XLII,0,0,0,0,0,0,0
358,3,VANA PARVA,XLIII,0,0,0,0,0,0,0
359,3,VANA PARVA,XLIV,0,0,0,0,0,0,0
360,3,VANA PARVA,XLV,0,0,0,0,0,0,0
361,3,VANA PARVA,XLVI,0,0,0,0,0,0,0
362,3,VANA PARVA,XLVII,0,0,0,0,0,0,0
363,3,VANA PARVA,XLVIII,0,2,0,0,0,0,2
364,3,VANA PARVA,XLIX,0,3,0,0,0,0,3
365,3,VANA PARVA,L,0,0,0,0,0,0,0
366,3,VANA PARVA,LI,0,1,0,0,0,0,1
367,3,VANA PARVA,LII,0,2,0,0,0,0,2
368,3,VANA PARVA,LIII,0,0,0,0,0,0,0
369,3,VANA PARVA,LIV,0,0,0,0,0,0,0
370,3,VANA PARVA,LV,0,0,0,0,0,0,0
371,3,VANA PARVA,LVI,0,0,0,0,0,0,0
372,3,VANA PARVA,LVII,0,0,0,0,0,0,0
373,3,VANA PARVA,LVIII,0,0,0,0,0,0,0
374,3,VANA PARVA,LIX,0,0,0,0,1,0,1
375,3,VANA PARVA,LX,0,0,0,0,0,0,0
376,3,VANA PARVA,LXI,0,0,0,0,0,0,0
377,3,VANA PARVA,LXII,0,0,0,0,0,0,0
378,3,VANA PARVA,LXIII,0,0,0,0,0,0,0
379,3,VANA PARVA,LXIV,0,0,0,0,0,0,0
380,3,VANA PARVA,LXV,0,0,0,0,0,0,0
381,3,VANA PARVA,LXVI,0,0,0,0,0,0,0
382,3,VANA PARVA,LXVII,0,0,0,0,0,0,0
383,3,VANA PARVA,LXVIII,0,0,0,0,0,0,0
384,3,VANA PARVA,LXIX,0,0,0,0,0,0,0
385,3,VANA PARVA,LXX,0,0,0,0,0,0,0
386,3,VANA PARVA,LXXI,0,0,0,0,0,0,0
387,3,VANA PARVA,LXXII,0,0,0,0,0,0,0
388,3,VANA PARVA,LXXIII,0,0,0,0,0,0,0
389,3,VANA PARVA,LXXIV,0,0,0,0,0,0,0
390,3,VANA PARVA,LXXV,0,0,0,0,0,0,0
391,3,VANA PARVA,LXXVI,0,0,0,0,0,0,0
392,3,VANA PARVA,LXXVII,0,0,0,0,0,0,0
393,3,VANA PARVA,LXXVIII,0,0,0,0,0,0,0
394,3,VANA PARVA,LXXIX,0,0,0,0,0,0,0
395,3,VANA PARVA,LXXX,0,0,0,0,0,0,0
396,3,VANA PARVA,LXXXI,0,0,0,0,0,0,0
397,3,VANA PARVA,LXXXII,0,0,0,0,0,0,0
398,3,VANA PARVA,LXXXIII,0,0,0,0,0,0,0
399,3,VANA PARVA,LXXXIV,0,0,0,0,0,0,0
400,3,VANA PARVA,LXXXV,0,0,0,0,0,0,0
401,3,VANA PARVA,LXXXVI,0,3,0,0,0,0,3
402,3,VANA PARVA,LXXXVII,0,0,0,0,0,0,0
403,3,VANA PARVA,LXXXVIII,0,0,0,0,0,0,0
404,3,VANA PARVA,LXXXIX,0,0,0,0,0,0,0
405,3,VANA PARVA,XC,0,0,0,0,0,0,0
406,3,VANA PARVA,XCI,0,3,0,0,0,0,3
407,3,VANA PARVA,XCII,0,0,0,0,0,0,0
408,3,VANA PARVA,XCIII,0,0,0,0,0,0,0
409,3,VANA PARVA,XCIV,0,0,0,0,0,0,0
410,3,VANA PARVA,XCV,0,0,0,0,0,0,0
411,3,VANA PARVA,XCVI,0,0,0,0,0,0,0
412,3,VANA PARVA,XCVII,0,0,0,0,0,0,0
413,3,VANA PARVA,XCVIII,0,0,0,0,0,0,0
414,3,VANA PARVA,XCIX,0,0,0,0,0,0,0
415,3,VANA PARVA,C,0,0,0,0,0,0,0
416,3,VANA PARVA,CI,0,0,0,0,0,0,0
417,3,VANA PARVA,CII,0,0,0,0,0,0,0
418,3,VANA PARVA,CIII,0,0,0,0,0,0,0
419,3,VANA PARVA,CIV,0,0,0,0,0,0,0
420,3,VANA PARVA,CV,0,0,0,0,0,0,0
421,3,VANA PARVA,CVI,0,0,0,0,0,0,0
422,3,VANA PARVA,CVII,0,0,0,0,0,0,0
423,3,VANA PARVA,CVIII,0,0,0,0,0,0,0
424,3,VANA PARVA,CIX,0,0,0,0,0,0,0
425,3,VANA PARVA,CX,0,0,0,0,0,0,0
426,3,VANA PARVA,CXI,0,0,0,0,0,0,0
427,3,VANA PARVA,CXII,0,0,0,0,0,0,0
428,3,VANA PARVA,CXIII,0,0,0,0,0,0,0
429,3,VANA PARVA,CXIV,0,0,0,0,0,0,0
430,3,VANA PARVA,CXV,0,0,0,0,0,0,0
431,3,VANA PARVA,CXVI,0,0,0,0,0,0,0
432,3,VANA PARVA,CXVII,0,0,0,0,0,0,0
433,3,VANA PARVA,CXVIII,0,0,0,0,0,0,0
434,3,VANA PARVA,CXIX,0,0,0,0,0,0,0
435,3,VANA PARVA,CXX,0,0,0,0,0,0,0
436,3,VANA PARVA,CXXI,0,0,0,0,0,0,0
437,3,VANA PARVA,CXXII,0,0,0,0,0,0,0
438,3,VANA PARVA,CXXIII,0,0,0,0,0,0,0
439,3,VANA PARVA,CXXIV,0,0,0,0,0,0,0
440,3,VANA PARVA,CXXV,0,0,0,0,0,0,0
441,3,VANA PARVA,CXXVI,0,0,0,0,0,0,0
442,3,VANA PARVA,CXXVII,0,0,0,0,0,0,0
443,3,VANA PARVA,CXXVIII,0,0,0,0,0,0,0
444,3,VANA PARVA,CXXIX,0,0,0,0,0,0,0
445,3,VANA PARVA,CXXX,0,0,0,0,0,0,0
446,3,VANA PARVA,CXXXI,0,0,0,0,0,0,0
447,3,VANA PARVA,CXXXII,0,0,0,0,0,0,0
448,3,VANA PARVA,CXXXIII,0,0,0,0,0,0,0
449,3,VANA PARVA,CXXXIV,0,0,2,0,0,0,2
450,3,VANA PARVA,CXXXV,0,0,0,0,0,0,0
451,3,VANA PARVA,CXXXVI,0,0,0,0,0,0,0
452,3,VANA PARVA,CXXXVII,0,0,0,0,0,0,0
453,3,VANA PARVA,CXXXVIII,0,0,0,0,0,0,0
454,3,VANA PARVA,CXXXIX,0,0,0,0,0,0,0
455,3,VANA PARVA,CXL,0,0,0,0,0,0,0
456,3,VANA PARVA,CXLI,0,0,0,0,0,0,0
457,3,VANA PARVA,CXLII,0,0,0,0,0,0,0
458,3,VANA PARVA,CXLIII,0,0,0,0,0,0,0
459,3,VANA PARVA,CXLIV,0,0,0,0,0,0,0
460,3,VANA PARVA,CXLV,0,0,0,0,0,0,0
461,3,VANA PARVA,CXLVI,0,0,0,0,0,0,0
462,3,VANA PARVA,CXLVII,0,0,0,0,0,0,0
463,3,VANA PARVA,CXLVIII,0,0,0,0,0,0,0
464,3,VANA PARVA,CXLIX,0,0,0,0,0,0,0
465,3,VANA PARVA,CL,0,0,0,0,0,0,0
466,3,VANA PARVA,CLI,0,0,0,0,0,0,0
467,3,VANA PARVA,CLII,0,0,0,0,0,0,0
468,3,VANA PARVA,CLIII,0,0,0,0,0,0,0
469,3,VANA PARVA,CLIV,0,0,0,0,0,0,0
470,3,VANA PARVA,CLV,0,0,0,0,1,0,1
471,3,VANA PARVA,CLVI,0,0,0,0,0,0,0
472,3,VANA PARVA,CLVII,0,0,0,0,9,0,9
473,3,VANA PARVA,CLVIII,0,0,0,0,0,0,0
474,3,VANA PARVA,CLIX,0,0,0,0,0,0,0
475,3,VANA PARVA,CLX,0,0,0,0,0,0,0
476,3,VANA PARVA,CLXI,0,0,0,0,0,0,0
477,3,VANA PARVA,CLXII,0,0,0,0,0,0,0
478,3,VANA PARVA,CLXIII,0,0,0,0,0,0,0
479,3,VANA PARVA,CLXIV,0,0,0,0,0,0,0
480,3,VANA PARVA,CLXV,0,0,0,0,0,0,0
481,3,VANA PARVA,CLXVI,0,0,0,0,0,0,0
482,3,VANA PARVA,CLXVII,0,0,0,0,0,0,0
483,3,VANA PARVA,CLXVIII,0,0,0,0,0,0,0
484,3,VANA PARVA,CLXIX,0,0,0,0,0,0,0
485,3,VANA PARVA,CLXX,0,0,0,0,0,0,0
486,3,VANA PARVA,CLXXI,0,0,0,0,0,0,0
487,3,VANA PARVA,CLXXII,0,0,0,0,0,0,0
488,3,VANA PARVA,CLXXIII,0,1,0,0,0,0,1
489,3,VANA PARVA,CLXXIV,0,0,0,0,0,0,0
490,3,VANA PARVA,CLXXV,0,0,0,0,0,0,0
491,3,VANA PARVA,CLXXVI,0,0,0,0,3,0,3
492,3,VANA PARVA,CLXXVII,0,0,0,0,1,0,1
493,3,VANA PARVA,CLXXVIII,0,0,0,0,0,0,0
494,3,VANA PARVA,CLXXIX,0,0,0,0,0,0,0
495,3,VANA PARVA,CLXXX,0,0,0,0,0,0,0
496,3,VANA PARVA,CLXXXI,0,0,0,0,0,0,0
497,3,VANA PARVA,CLXXXII,0,0,0,0,0,0,0
498,3,VANA PARVA,CLXXXIII,0,0,0,0,0,0,0
499,3,VANA PARVA,CLXXXIV,0,0,0,0,0,0,0
500,3,VANA PARVA,CLXXXV,0,0,0,0,0,0,0
501,3,VANA PARVA,CLXXXVI,0,0,0,0,0,0,0
502,3,VANA PARVA,CLXXXVII,0,0,0,0,0,0,0
503,3,VANA PARVA,CLXXXVIII,0,0,0,0,0,0,0
504,3,VANA PARVA,CLXXXIX,0,0,0,0,0,0,0
505,3,VANA PARVA,CLXL,0,0,0,0,0,0,0
506,3,VANA PARVA,CLXLI,0,0,0,0,0,0,0
507,3,VANA PARVA,CLXLII,0,0,0,0,0,0,0
508,3,VANA PARVA,CLXLIII,0,0,0,0,0,0,0
509,3,VANA PARVA,CLXLIV,0,0,0,0,0,0,0
510,3,VANA PARVA,CLXLV,0,0,0,0,4,0,4
511,3,VANA PARVA,CLXLVI,0,0,0,0,0,0,0
512,3,VANA PARVA,CLXLVII,0,0,0,0,0,0,0
513,3,VANA PARVA,CLXLVIII,0,0,0,0,0,0,0
514,3,VANA PARVA,CLXLIX,0,0,0,0,0,0,0
515,3,VANA PARVA,CC,0,0,0,0,0,0,0
516,3,VANA PARVA,CCI,0,0,0,0,0,0,0
517,3,VANA PARVA,CCII,0,0,0,0,0,0,0
518,3,VANA PARVA,CCIII,0,0,0,0,0,0,0
519,3,VANA PARVA,CCIV,0,0,0,0,0,0,0
520,3,VANA PARVA,CCV,0,0,0,0,0,0,0
521,3,VANA PARVA,CCVI,0,0,0,0,0,0,0
522,3,VANA PARVA,CCVII,0,0,0,0,0,0,0
523,3,VANA PARVA,CCVIII,0,0,0,0,0,0,0
524,3,VANA PARVA,CCIX,0,0,0,0,0,0,0
525,3,VANA PARVA,CCX,0,0,0,0,0,0,0
526,3,VANA PARVA,CCXI,0,0,0,0,0,0,0
527,3,VANA PARVA,CCXII,0,0,0,0,0,0,0
528,3,VANA PARVA,CCXIII,0,0,0,0,0,0,0
529,3,VANA PARVA,CCXIV,0,0,0,0,0,0,0
530,3,VANA PARVA,CCXV,0,0,0,0,0,0,0
531,3,VANA PARVA,CCXVI,0,0,0,0,0,0,0
532,3,VANA PARVA,CCXVII,0,0,0,0,0,0,0
533,3,VANA PARVA,CCXVIII,0,0,0,0,2,0,2
534,3,VANA PARVA,CCXIX,0,0,0,0,0,0,0
535,3,VANA PARVA,CCXX,0,0,0,0,0,0,0
536,3,VANA PARVA,CCXXI,0,0,0,0,0,0,0
537,3,VANA PARVA,CCXXII,0,0,0,0,0,0,0
538,3,VANA PARVA,CCXXIII,0,0,0,0,0,0,0
539,3,VANA PARVA,CCXXIV,0,0,0,0,0,0,0
540,3,VANA PARVA,CCXXV,0,0,0,0,0,0,0
541,3,VANA PARVA,CCXXVI,0,0,0,0,0,0,0
542,3,VANA PARVA,CCXXVII,0,0,0,0,0,0,0
543,3,VANA PARVA,CCXXVIII,0,0,0,0,0,0,0
544,3,VANA PARVA,CCXXIX,0,0,0,0,0,0,0
545,3,VANA PARVA,CCXXX,0,0,0,0,0,0,0
546,3,VANA PARVA,CCXXXI,0,0,0,0,0,0,0
547,3,VANA PARVA,CCXXXII,0,0,0,0,0,0,0
548,3,VANA PARVA,CCXXXIII,0,0,0,0,0,0,0
549,3,VANA PARVA,CCXXXIV,0,0,1,0,0,0,1
550,3,VANA PARVA,CCXXXV,0,1,0,0,0,0,1
551,3,VANA PARVA,CCXXXVI,0,6,0,0,0,0,6
552,3,VANA PARVA,CCXXXVII,0,1,0,1,0,0,2
553,3,VANA PARVA,CCXXXVIII,0,0,0,0,0,0,0
554,3,VANA PARVA,CCXXXIX,0,8,1,2,0,0,11
555,3,VANA PARVA,CCXL,0,1,0,0,0,0,1
556,3,VANA PARVA,CCXLI,0,0,0,0,0,0,0
557,3,VANA PARVA,CCXLII,0,0,0,0,0,0,0
558,3,VANA PARVA,CCXLIII,0,1,0,0,0,0,1
559,3,VANA PARVA,CCXLIV,0,1,0,0,0,0,1
560,3,VANA PARVA,CCXLV,0,2,0,0,0,0,2
561,3,VANA PARVA,CCXLVI,0,0,0,1,0,0,1
562,3,VANA PARVA,CCXLVII,0,4,0,0,0,0,4
563,3,VANA PARVA,CCXLVIII,0,1,0,0,0,0,1
564,3,VANA PARVA,CCXLIX,0,1,0,0,0,0,1
565,3,VANA PARVA,CCL,0,7,0,0,0,0,7
566,3,VANA PARVA,CCLI,0,8,1,0,0,0,9
567,3,VANA PARVA,CCLII,0,10,4,0,0,0,14
568,3,VANA PARVA,CCLIII,0,4,2,0,0,0,6
569,3,VANA PARVA,CCLIV,0,2,0,0,0,0,2
570,3,VANA PARVA,CCLV,0,4,3,0,0,0,7
571,3,VANA PARVA,CCLVI,0,0,0,0,0,0,0
572,3,VANA PARVA,CCLVII,0,0,1,0,0,0,1
573,3,VANA PARVA,CCLVIII,0,0,0,0,0,0,0
574,3,VANA PARVA,CCLIX,0,0,0,0,0,0,0
575,3,VANA PARVA,CCLX,0,5,0,0,0,0,5
576,3,VANA PARVA,CCLXI,0,0,0,0,0,0,0
577,3,VANA PARVA,CCLXII,0,0,0,0,0,0,0
578,3,VANA PARVA,CCLXIII,0,0,0,0,0,0,0
579,3,VANA PARVA,CCLXIV,0,0,0,0,0,0,0
580,3,VANA PARVA,CCLXV,0,0,0,0,0,0,0
581,3,VANA PARVA,CCLXVI,0,0,0,0,0,0,0
582,3,VANA PARVA,CCLXVII,0,0,0,0,0,0,0
583,3,VANA PARVA,CCLXVIII,0,0,0,0,0,0,0
584,3,VANA PARVA,CCLXIX,0,0,0,0,0,0,0
585,3,VANA PARVA,CCLXX,0,0,0,0,0,0,0
586,3,VANA PARVA,CCLXXI,0,0,0,0,0,0,0
587,3,VANA PARVA,CCLXXII,0,0,0,0,0,0,0
588,3,VANA PARVA,CCLXXIII,0,0,0,0,0,0,0
589,3,VANA PARVA,CCLXXIV,0,0,0,0,0,0,0
590,3,VANA PARVA,CCLXXV,0,0,0,0,0,0,0
591,3,VANA PARVA,CCLXXVI,0,0,0,0,0,0,0
592,3,VANA PARVA,CCLXXVII,0,0,0,0,0,0,0
593,3,VANA PARVA,CCLXXVIII,0,0,0,0,0,0,0
594,3,VANA PARVA,CCLXXIX,0,0,0,0,0,0,0
595,3,VANA PARVA,CCLXXX,0,0,0,0,0,0,0
596,3,VANA PARVA,CCLXXXI,0,0,0,0,0,0,0
597,3,VANA PARVA,CCLXXXII,0,0,0,0,0,0,0
598,3,VANA PARVA,CCLXXXIII,0,0,0,0,0,0,0
599,3,VANA PARVA,CCLXXXIV,0,0,0,0,0,0,0
600,3,VANA PARVA,CCLXXXV,0,0,0,0,0,0,0
601,3,VANA PARVA,CCLXXXVI,0,0,0,0,0,0,0
602,3,VANA PARVA,CCLXXXVII,0,0,0,0,0,0,0
603,3,VANA PARVA,CCLXXXVIII,0,0,0,0,0,0,0
604,3,VANA PARVA,CCLXXXIX,0,0,0,0,0,0,0
605,3,VANA PARVA,CCLXL,0,0,0,0,0,0,0
606,3,VANA PARVA,CCLXLI,0,0,0,0,0,0,0
607,3,VANA PARVA,CCLXLII,0,0,0,0,0,0,0
608,3,VANA PARVA,CCLXLIII,0,0,0,0,0,0,0
609,3,VANA PARVA,CCLXLIV,0,0,0,0,0,0,0
610,3,VANA PARVA,CCLXLV,0,0,0,0,0,0,0
611,3,VANA PARVA,CCLXLVI,0,0,0,0,0,0,0
612,3,VANA PARVA,CCLXLVII,0,0,0,0,0,0,0
613,3,VANA PARVA,CCLXLVIII,0,7,0,0,0,0,7
614,3,VANA PARVA,CCLXLIX,0,3,0,0,0,0,3
615,3,VANA PARVA,CCC,0,4,0,0,1,0,5
616,3,VANA PARVA,CCCI,0,1,0,0,0,0,1
617,3,VANA PARVA,CCCII,0,0,0,0,0,0,0
618,3,VANA PARVA,CCCIII,0,0,0,0,0,0,0
619,3,VANA PARVA,CCCIV,0,0,0,0,0,0,0
620,3,VANA PARVA,CCCV,0,0,0,0,0,0,0
621,3,VANA PARVA,CCCVI,0,0,0,0,0,0,0
622,3,VANA PARVA,CCCVII,2,5,0,0,1,0,8
623,3,VANA PARVA,CCCVIII,0,17,0,0,0,0,17
624,3,VANA PARVA,CCCIX,0,0,0,0,0,0,0
625,3,VANA PARVA,CCCX,0,0,1,0,0,0,1
626,3,VANA PARVA,CCCXI,0,0,0,0,0,0,0
627,3,VANA PARVA,CCCXII,0,0,0,0,0,0,0
628,3,VANA PARVA,CCCXIII,0,1,0,0,0,0,1
629,4,VIRATA PARVA,I,0,0,0,0,0,0,0
630,4,VIRATA PARVA,II,0,0,0,0,0,0,0
631,4,VIRATA PARVA,III,0,0,0,0,0,0,0
632,4,VIRATA PARVA,IV,0,0,0,0,0,0,0
633,4,VIRATA PARVA,V,0,0,0,0,0,0,0
634,4,VIRATA PARVA,VI,0,0,0,0,0,0,0
635,4,VIRATA PARVA,VII,0,0,0,0,0,0,0
636,4,VIRATA PARVA,VIII,0,0,0,0,0,0,0
637,4,VIRATA PARVA,IX,0,0,0,0,0,0,0
638,4,VIRATA PARVA,X,0,0,0,0,0,0,0
639,4,VIRATA PARVA,XI,0,0,0,0,0,0,0
640,4,VIRATA PARVA,XII,0,0,0,0,0,0,0
641,4,VIRATA PARVA,XIII,0,0,0,0,0,0,0
642,4,VIRATA PARVA,XIV,0,0,1,0,0,0,1
643,4,VIRATA PARVA,XV,0,0,1,0,0,0,1
644,4,VIRATA PARVA,XVI,0,0,2,0,0,0,2
645,4,VIRATA PARVA,XVII,0,0,0,0,0,0,0
646,4,VIRATA PARVA,XVIII,0,0,0,0,0,0,0
647,4,VIRATA PARVA,XIX,0,0,0,0,0,0,0
648,4,VIRATA PARVA,XX,0,0,0,0,0,0,0
649,4,VIRATA PARVA,XXI,0,1,1,0,0,0,2
650,4,VIRATA PARVA,XXII,0,0,0,0,0,0,0
651,4,VIRATA PARVA,XXII,0,0,1,0,0,0,1
652,4,VIRATA PARVA,XXIV,0,0,0,0,0,0,0
653,4,VIRATA PARVA,XXV,0,1,0,0,0,0,1
654,4,VIRATA PARVA,XXVI,0,2,0,0,0,0,2
655,4,VIRATA PARVA,XXVII,0,0,0,0,0,0,0
656,4,VIRATA PARVA,XXVIII,0,0,0,0,0,0,0
657,4,VIRATA PARVA,XXIX,0,0,0,0,0,0,0
658,4,VIRATA PARVA,XXX,0,4,0,0,0,0,4
659,4,VIRATA PARVA,XXXI,0,0,0,0,0,0,0
660,4,VIRATA PARVA,XXXII,0,0,0,0,0,0,0
661,4,VIRATA PARVA,XXXIII,0,0,0,0,0,0,0
662,4,VIRATA PARVA,XXXIV,0,0,0,0,0,0,0
663,4,VIRATA PARVA,XXXV,0,1,0,0,0,0,1
664,4,VIRATA PARVA,XXXVI,0,1,0,0,0,0,1
665,4,VIRATA PARVA,XXXVII,0,0,0,0,0,0,0
666,4,VIRATA PARVA,XXXVIII,0,2,0,0,0,0,2
667,4,VIRATA PARVA,XXXIX,0,1,0,1,0,0,2
668,4,VIRATA PARVA,XL,0,0,0,0,0,0,0
669,4,VIRATA PARVA,XLI,0,0,0,0,0,0,0
670,4,VIRATA PARVA,XLII,0,0,0,0,0,0,0
671,4,VIRATA PARVA,XLIII,0,0,0,0,0,0,0
672,4,VIRATA PARVA,XLIV,0,0,0,0,0,0,0
673,4,VIRATA PARVA,XLV,0,0,0,0,0,0,0
674,4,VIRATA PARVA,XLVI,0,0,0,0,0,0,0
675,4,VIRATA PARVA,XLVII,0,1,0,0,0,0,1
676,4,VIRATA PARVA,XLVIII,0,1,0,0,0,0,1
677,4,VIRATA PARVA,XLIX,0,0,0,1,0,0,1
678,4,VIRATA PARVA,L,0,1,0,0,0,0,1
679,4,VIRATA PARVA,LI,0,1,0,0,0,0,1
680,4,VIRATA PARVA,LII,0,2,0,0,0,0,2
681,4,VIRATA PARVA,LIII,0,0,0,0,0,0,0
682,4,VIRATA PARVA,LIV,0,9,2,0,0,0,11
683,4,VIRATA PARVA,LV,0,3,0,0,0,0,3
684,4,VIRATA PARVA,LVI,0,0,0,0,0,0,0
685,4,VIRATA PARVA,LVII,0,0,0,0,0,0,0
686,4,VIRATA PARVA,LVIII,0,0,0,0,0,0,0
687,4,VIRATA PARVA,LIX,0,5,0,0,0,0,5
688,4,VIRATA PARVA,LX,0,12,0,0,0,0,12
689,4,VIRATA PARVA,LXI,0,0,0,0,0,0,0
690,4,VIRATA PARVA,LXII,0,0,0,0,0,0,0
691,4,VIRATA PARVA,LXIII,0,0,0,0,0,0,0
692,4,VIRATA PARVA,LXIV,0,0,0,0,0,0,0
693,4,VIRATA PARVA,LXV,0,2,0,0,0,0,2
694,4,VIRATA PARVA,LXVI,0,0,0,0,0,0,0
695,4,VIRATA PARVA,LXVII,0,1,0,0,0,0,1
696,4,VIRATA PARVA,LXVIII,0,1,0,0,0,0,1
697,4,VIRATA PARVA,LXIX,0,0,1,0,0,0,1
698,4,VIRATA PARVA,LXX,0,0,0,0,0,0,0
699,4,VIRATA PARVA,LXXI,0,0,0,0,0,0,0
700,4,VIRATA PARVA,LXXII,0,0,0,0,0,0,0
701,5,UDYOGA PARVA,I,0,0,0,0,0,0,0
702,5,UDYOGA PARVA,II,0,0,1,0,0,0,1
703,5,UDYOGA PARVA,III,0,1,0,0,0,0,1
704,5,UDYOGA PARVA,IV,0,2,0,0,0,0,2
705,5,UDYOGA PARVA,V,0,0,0,0,0,0,0
706,5,UDYOGA PARVA,VI,0,0,0,0,0,0,0
707,5,UDYOGA PARVA,VII,0,0,0,0,0,0,0
708,5,UDYOGA PARVA,VIII,0,3,2,0,0,0,5
709,5,UDYOGA PARVA,IX,0,0,0,0,0,0,0
710,5,UDYOGA PARVA,X,0,0,0,0,0,0,0
711,5,UDYOGA PARVA,XI,0,0,0,0,0,0,0
712,5,UDYOGA PARVA,XII,0,0,0,0,0,0,0
713,5,UDYOGA PARVA,XIII,0,0,0,0,0,0,0
714,5,UDYOGA PARVA,XIV,0,0,0,0,0,0,0
715,5,UDYOGA PARVA,XV,0,0,0,0,0,0,0
716,5,UDYOGA PARVA,XVI,0,0,0,0,0,0,0
717,5,UDYOGA PARVA,XVII,0,0,0,0,0,0,0
718,5,UDYOGA PARVA,XVIII,0,3,0,0,0,0,3
719,5,UDYOGA PARVA,XIX,0,0,0,0,0,0,0
720,5,UDYOGA PARVA,XX,0,0,0,0,0,0,0
721,5,UDYOGA PARVA,XXI,0,1,0,0,0,0,1
722,5,UDYOGA PARVA,XXII,0,1,0,0,0,0,1
723,5,UDYOGA PARVA,XXIII,0,1,0,0,0,0,1
724,5,UDYOGA PARVA,XXIV,0,0,0,0,0,0,0
725,5,UDYOGA PARVA,XXV,0,1,0,0,0,0,1
726,5,UDYOGA PARVA,XXVI,0,4,1,0,0,0,5
727,5,UDYOGA PARVA,XXVII,0,1,0,0,0,0,1
728,5,UDYOGA PARVA,XXVIII,0,0,0,0,0,0,0
729,5,UDYOGA PARVA,XXIX,0,2,0,0,0,0,2
730,5,UDYOGA PARVA,XXX,0,2,0,0,0,0,2
731,5,UDYOGA PARVA,XXXI,0,0,0,0,0,0,0
732,5,UDYOGA PARVA,XXXII,0,0,1,0,0,0,1
733,5,UDYOGA PARVA,XXXIII,0,1,0,0,0,0,1
734,5,UDYOGA PARVA,XXXIV,0,0,0,0,0,0,0
735,5,UDYOGA PARVA,XXXV,0,1,0,0,0,0,1
736,5,UDYOGA PARVA,XXXVI,0,0,0,0,0,0,0
737,5,UDYOGA PARVA,XXXVII,0,1,0,0,0,0,1
738,5,UDYOGA PARVA,XXXVIII,0,0,0,0,0,0,0
739,5,UDYOGA PARVA,XXXIX,0,0,0,0,0,0,0
740,5,UDYOGA PARVA,XL,0,0,0,0,0,0,0
741,5,UDYOGA PARVA,XLI,0,0,0,0,0,0,0
742,5,UDYOGA PARVA,XLII,0,0,0,0,0,0,0
743,5,UDYOGA PARVA,XLIII,0,0,0,0,0,0,0
744,5,UDYOGA PARVA,XLIV,0,0,0,0,0,0,0
745,5,UDYOGA PARVA,XLV,0,0,0,0,0,0,0
746,5,UDYOGA PARVA,XLVI,0,0,0,0,0,0,0
747,5,UDYOGA PARVA,XLVII,0,1,1,0,0,0,2
748,5,UDYOGA PARVA,XLVIII,0,1,0,0,0,0,1
749,5,UDYOGA PARVA,XLIX,0,3,1,0,0,0,4
750,5,UDYOGA PARVA,L,0,0,0,0,0,0,0
751,5,UDYOGA PARVA,LI,0,0,0,0,0,0,0
752,5,UDYOGA PARVA,LII,0,3,0,0,0,0,3
753,5,UDYOGA PARVA,LIII,0,0,0,0,0,0,0
754,5,UDYOGA PARVA,LIV,0,0,0,0,0,0,0
755,5,UDYOGA PARVA,LV,0,5,0,0,0,0,5
756,5,UDYOGA PARVA,LVI,0,0,0,0,0,0,0
757,5,UDYOGA PARVA,LVII,0,4,0,0,0,0,4
758,5,UDYOGA PARVA,LVIII,0,3,0,0,0,0,3
759,5,UDYOGA PARVA,LIX,0,1,0,0,0,0,1
760,5,UDYOGA PARVA,LX,0,0,0,0,0,0,0
761,5,UDYOGA PARVA,LXI,0,0,0,0,0,0,0
762,5,UDYOGA PARVA,LXII,0,8,1,0,0,0,9
763,5,UDYOGA PARVA,LXIII,0,1,0,0,0,0,1
764,5,UDYOGA PARVA,LXIV,0,0,0,0,0,0,0
765,5,UDYOGA PARVA,LXV,0,0,0,0,0,0,0
766,5,UDYOGA PARVA,LXVI,0,1,0,0,0,0,1
767,5,UDYOGA PARVA,LXVII,0,0,0,0,0,0,0
768,5,UDYOGA PARVA,LXVIII,0,0,0,0,0,0,0
769,5,UDYOGA PARVA,LXIX,0,0,0,0,0,0,0
770,5,UDYOGA PARVA,LXX,0,0,0,0,2,0,2
771,5,UDYOGA PARVA,LXXI,0,0,0,0,0,0,0
772,5,UDYOGA PARVA,LXXII,0,0,0,0,0,0,0
773,5,UDYOGA PARVA,LXXIII,0,0,0,0,0,0,0
774,5,UDYOGA PARVA,LXXIV,0,0,0,0,1,0,1
775,5,UDYOGA PARVA,LXXV,0,0,0,0,0,0,0
776,5,UDYOGA PARVA,LXXVI,0,0,0,0,0,0,0
777,5,UDYOGA PARVA,LXXVII,0,0,0,0,0,0,0
778,5,UDYOGA PARVA,LXXVIII,0,0,0,0,0,0,0
779,5,UDYOGA PARVA,LXXIX,0,1,0,0,0,0,1
780,5,UDYOGA PARVA,LXXX,0,0,0,0,0,0,0
781,5,UDYOGA PARVA,LXXXI,0,0,0,0,0,0,0
782,5,UDYOGA PARVA,LXXXII,0,0,0,0,0,0,0
783,5,UDYOGA PARVA,LXXXIII,0,1,0,0,0,0,1
784,5,UDYOGA PARVA,LXXXIV,0,0,0,0,0,0,0
785,5,UDYOGA PARVA,LXXXV,0,0,0,0,0,0,0
786,5,UDYOGA PARVA,LXXXVI,0,0,0,0,0,0,0
787,5,UDYOGA PARVA,LXXXVII,0,0,0,0,0,0,0
788,5,UDYOGA PARVA,LXXXVIII,0,0,0,0,0,0,0
789,5,UDYOGA PARVA,LXXXIX,0,0,0,0,0,0,0
790,5,UDYOGA PARVA,XC,0,1,0,0,0,0,1
791,5,UDYOGA PARVA,XCI,0,2,0,0,0,0,2
792,5,UDYOGA PARVA,XCII,0,4,0,0,0,0,4
793,5,UDYOGA PARVA,XCIII,0,1,0,0,0,0,1
794,5,UDYOGA PARVA,XCIV,0,2,0,0,0,0,2
795,5,UDYOGA PARVA,XCV,0,1,0,0,0,0,1
796,5,UDYOGA PARVA,XCVI,0,0,0,0,0,0,0
797,5,UDYOGA PARVA,XCVII,0,0,0,0,0,0,0
798,5,UDYOGA PARVA,XCVIII,0,0,0,0,0,0,0
799,5,UDYOGA PARVA,XCIX,0,0,0,0,0,0,0
800,5,UDYOGA PARVA,C,0,0,0,0,0,0,0
801,5,UDYOGA PARVA,CI,0,0,0,0,0,0,0
802,5,UDYOGA PARVA,CII,0,0,0,0,0,0,0
803,5,UDYOGA PARVA,CIII,0,0,0,0,0,0,0
804,5,UDYOGA PARVA,CIV,0,0,0,0,0,0,0
805,5,UDYOGA PARVA,CV,0,0,0,0,0,0,0
806,5,UDYOGA PARVA,CVI,0,0,0,0,0,0,0
807,5,UDYOGA PARVA,CVII,0,0,0,0,0,0,0
808,5,UDYOGA PARVA,CVIII,0,0,0,0,0,0,0
809,5,UDYOGA PARVA,CIX,0,0,0,0,0,0,0
810,5,UDYOGA PARVA,CX,0,0,0,0,0,0,0
811,5,UDYOGA PARVA,CXI,0,0,0,0,0,0,0
812,5,UDYOGA PARVA,CXII,0,0,0,0,0,0,0
813,5,UDYOGA PARVA,CXIII,0,0,0,0,0,0,0
814,5,UDYOGA PARVA,CXIV,0,0,0,0,0,0,0
815,5,UDYOGA PARVA,CXV,0,0,0,0,0,0,0
816,5,UDYOGA PARVA,CXVI,0,0,0,0,0,0,0
817,5,UDYOGA PARVA,CXVII,0,0,0,0,0,0,0
818,5,UDYOGA PARVA,CXVIII,0,0,0,0,0,0,0
819,5,UDYOGA PARVA,CXIX,0,0,0,0,0,0,0
820,5,UDYOGA PARVA,CXX,0,0,0,0,0,0,0
821,5,UDYOGA PARVA,CXXI,0,0,0,0,0,0,0
822,5,UDYOGA PARVA,CXXII,0,0,0,0,0,0,0
823,5,UDYOGA PARVA,CXXIII,0,0,0,0,0,0,0
824,5,UDYOGA PARVA,CXXIV,0,2,0,0,0,0,2
825,5,UDYOGA PARVA,CXXV,0,0,0,0,0,0,0
826,5,UDYOGA PARVA,CXXVI,0,0,0,0,0,0,0
827,5,UDYOGA PARVA,CXXVII,0,1,0,0,0,0,1
828,5,UDYOGA PARVA,CXXVIII,0,2,0,0,0,0,2
829,5,UDYOGA PARVA,CXXIX,0,1,1,0,0,0,2
830,5,UDYOGA PARVA,CXXX,0,2,0,0,0,0,2
831,5,UDYOGA PARVA,CXXXI,0,0,0,0,0,0,0
832,5,UDYOGA PARVA,CXXXII,0,0,0,0,0,0,0
833,5,UDYOGA PARVA,CXXXIII,0,0,0,0,0,0,0
834,5,UDYOGA PARVA,CXXXIV,0,0,0,0,0,0,0
835,5,UDYOGA PARVA,CXXXV,0,0,0,0,0,0,0
836,5,UDYOGA PARVA,CXXXVI,0,0,0,0,0,0,0
837,5,UDYOGA PARVA,CXXXVII,0,3,0,0,0,0,3
838,5,UDYOGA PARVA,CXXXVIII,0,1,0,0,0,0,1
839,5,UDYOGA PARVA,CXXXIX,0,0,0,0,0,0,0
840,5,UDYOGA PARVA,CXL,1,4,1,0,0,0,6
841,5,UDYOGA PARVA,CXLI,1,1,0,0,0,0,2
842,5,UDYOGA PARVA,CXLII,0,4,0,0,0,0,4
843,5,UDYOGA PARVA,CXLIII,0,4,0,0,0,0,4
844,5,UDYOGA PARVA,CXLIV,0,7,0,0,1,0,8
845,5,UDYOGA PARVA,CXLV,0,7,1,0,0,0,8
846,5,UDYOGA PARVA,CXLVI,0,7,0,0,0,0,7
847,5,UDYOGA PARVA,CXLVII,0,0,0,0,0,0,0
848,5,UDYOGA PARVA,CXLVIII,0,0,0,0,0,0,0
849,5,UDYOGA PARVA,CXLIX,0,0,0,0,1,0,1
850,5,UDYOGA PARVA,CXLX,0,0,0,0,0,0,0
851,5,UDYOGA PARVA,CLI,0,0,0,0,0,0,0
852,5,UDYOGA PARVA,CLII,0,0,0,0,0,0,0
853,5,UDYOGA PARVA,CLIII,0,0,0,0,0,0,0
854,5,UDYOGA PARVA,CLIV,0,1,0,0,0,0,1
855,5,UDYOGA PARVA,CLV,0,3,0,0,0,0,3
856,5,UDYOGA PARVA,CLVI,0,1,0,0,0,0,1
857,5,UDYOGA PARVA,CLVII,0,3,1,0,0,0,4
858,5,UDYOGA PARVA,CLVIII,0,0,0,0,0,0,0
859,5,UDYOGA PARVA,CLIX,0,1,0,0,0,0,1
860,5,UDYOGA PARVA,CLX,0,0,0,0,0,0,0
861,5,UDYOGA PARVA,CLXI,0,5,0,0,0,0,5
862,5,UDYOGA PARVA,CLXII,0,2,1,0,0,0,3
863,5,UDYOGA PARVA,CLXIII,0,0,1,0,0,0,1
864,5,UDYOGA PARVA,CLXIV,0,3,1,0,0,0,4
865,5,UDYOGA PARVA,CLXV,0,2,1,0,1,0,4
866,5,UDYOGA PARVA,CLXVI,0,0,0,0,0,0,0
867,5,UDYOGA PARVA,CLXVII,0,0,0,0,0,0,0
868,5,UDYOGA PARVA,CLXVIII,0,1,0,0,1,0,2
869,5,UDYOGA PARVA,CLXIX,0,3,1,0,1,0,5
870,5,UDYOGA PARVA,CLXX,0,0,0,0,0,0,0
871,5,UDYOGA PARVA,CLXXI,0,0,0,0,0,0,0
872,5,UDYOGA PARVA,CLXXII,0,0,0,0,0,0,0
873,5,UDYOGA PARVA,CLXXIII,0,0,0,0,0,0,0
874,5,UDYOGA PARVA,CLXXIV,0,0,0,0,0,0,0
875,5,UDYOGA PARVA,CLXXV,0,0,0,0,0,0,0
876,5,UDYOGA PARVA,CLXXVI,0,0,0,0,0,0,0
877,5,UDYOGA PARVA,CLXXVII,0,0,0,0,0,0,0
878,5,UDYOGA PARVA,CLXXVIII,0,0,0,0,0,0,0
879,5,UDYOGA PARVA,CLXXIX,0,0,0,0,0,0,0
880,5,UDYOGA PARVA,CLXXX,0,0,0,0,0,0,0
881,5,UDYOGA PARVA,CLXXXI,0,0,0,0,0,0,0
882,5,UDYOGA PARVA,CLXXXII,0,0,0,0,0,0,0
883,5,UDYOGA PARVA,CLXXXIII,0,0,0,0,0,0,0
884,5,UDYOGA PARVA,CLXXXIV,0,0,0,0,0,0,0
885,5,UDYOGA PARVA,CLXXXV,0,0,0,0,0,0,0
886,5,UDYOGA PARVA,CLXXXVI,0,0,0,0,0,0,0
887,5,UDYOGA PARVA,CLXXXVII,0,0,0,0,0,0,0
888,5,UDYOGA PARVA,CLXXXVIII,0,0,0,0,0,0,0
889,5,UDYOGA PARVA,CLXXXIX,0,0,0,0,0,0,0
890,5,UDYOGA PARVA,CXC,0,0,0,0,0,0,0
891,5,UDYOGA PARVA,CXCI,0,0,0,0,0,0,0
892,5,UDYOGA PARVA,CXCII,0,0,0,0,0,0,0
893,5,UDYOGA PARVA,CXCIII,0,0,0,0,0,0,0
894,5,UDYOGA PARVA,CXCIV,0,0,0,0,0,0,0
895,5,UDYOGA PARVA,CXCV,0,0,0,0,0,0,0
896,5,UDYOGA PARVA,CXCVI,0,2,1,0,0,0,3
897,5,UDYOGA PARVA,CXCVII,0,1,1,0,0,0,2
898,5,UDYOGA PARVA,CXCVIII,0,0,0,0,0,0,0
899,5,UDYOGA PARVA,CXCIX,0,0,0,0,0,0,0
900,6,BHISHMA PARVA,I,0,0,0,0,0,0,0
901,6,BHISHMA PARVA,II,0,0,0,0,0,0,0
902,6,BHISHMA PARVA,III,0,0,0,0,0,0,0
903,6,BHISHMA PARVA,IV,0,0,0,0,0,0,0
904,6,BHISHMA PARVA,V,0,0,0,0,0,0,0
905,6,BHISHMA PARVA,VI,0,0,0,0,0,0,0
906,6,BHISHMA PARVA,VII,0,0,0,0,0,0,0
907,6,BHISHMA PARVA,VIII,0,0,1,0,0,0,1
908,6,BHISHMA PARVA,IX,0,0,0,0,2,0,2
909,6,BHISHMA PARVA,X,0,0,0,0,0,0,0
910,6,BHISHMA PARVA,XI,0,0,1,0,0,0,1
911,6,BHISHMA PARVA,XII,0,0,0,0,0,0,0
912,6,BHISHMA PARVA,XIII,0,0,0,0,0,0,0
913,6,BHISHMA PARVA,XIV,0,1,0,0,0,0,1
914,6,BHISHMA PARVA,XV,0,0,0,0,0,0,0
915,6,BHISHMA PARVA,XVI,0,0,0,0,0,0,0
916,6,BHISHMA PARVA,XVII,0,3,0,0,1,0,4
917,6,BHISHMA PARVA,XVIII,0,0,0,0,0,0,0
918,6,BHISHMA PARVA,XIX,0,0,0,0,0,0,0
919,6,BHISHMA PARVA,XX,0,0,0,0,0,0,0
920,6,BHISHMA PARVA,XXI,0,0,0,0,0,0,0
921,6,BHISHMA PARVA,XXII,0,0,0,0,0,0,0
922,6,BHISHMA PARVA,XXIII,0,0,0,0,0,0,0
923,6,BHISHMA PARVA,XXIV,0,0,0,0,0,0,0
924,6,BHISHMA PARVA,XXV,0,1,0,0,0,0,1
925,6,BHISHMA PARVA,XXVI,0,0,0,0,0,0,0
926,6,BHISHMA PARVA,XXVII,0,0,0,0,0,0,0
927,6,BHISHMA PARVA,XXVIII,0,0,0,0,0,0,0
928,6,BHISHMA PARVA,XXIX,0,0,0,0,0,0,0
929,6,BHISHMA PARVA,XXX,0,0,0,0,0,0,0
930,6,BHISHMA PARVA,XXXI,0,0,0,0,0,0,0
931,6,BHISHMA PARVA,XXXII,0,0,0,0,0,0,0
932,6,BHISHMA PARVA,XXXIII,0,0,0,0,0,0,0
933,6,BHISHMA PARVA,XXXIV,0,0,0,0,0,0,0
934,6,BHISHMA PARVA,XXXV,0,2,1,0,0,0,3
935,6,BHISHMA PARVA,XXXVI,0,0,0,0,0,0,0
936,6,BHISHMA PARVA,XXXVII,0,0,0,0,0,0,0
937,6,BHISHMA PARVA,XXXVIII,0,0,0,0,0,0,0
938,6,BHISHMA PARVA,XXXIX,0,0,0,0,0,0,0
939,6,BHISHMA PARVA,XL,0,0,0,0,0,0,0
940,6,BHISHMA PARVA,XLI,0,0,0,0,0,0,0
941,6,BHISHMA PARVA,XLII,0,0,0,0,0,0,0
942,6,BHISHMA PARVA,XLIII,0,5,0,0,0,0,5
943,6,BHISHMA PARVA,XLIV,0,0,0,0,0,0,0
944,6,BHISHMA PARVA,XLV,0,0,0,0,0,0,0
945,6,BHISHMA PARVA,XLVI,0,0,0,0,0,0,0
946,6,BHISHMA PARVA,XLVII,0,0,0,0,0,0,0
947,6,BHISHMA PARVA,XLVIII,0,0,0,0,0,0,0
948,6,BHISHMA PARVA,XLIX,0,1,0,0,0,0,1
949,6,BHISHMA PARVA,L,0,0,0,0,0,0,0
950,6,BHISHMA PARVA,LI,0,1,0,0,0,0,1
951,6,BHISHMA PARVA,LII,0,2,0,0,0,0,2
952,6,BHISHMA PARVA,LIII,0,0,0,0,0,0,0
953,6,BHISHMA PARVA,LIV,0,0,0,0,0,0,0
954,6,BHISHMA PARVA,LV,0,0,0,0,0,0,0
955,6,BHISHMA PARVA,LVI,0,0,0,0,0,0,0
956,6,BHISHMA PARVA,LVII,0,0,0,0,0,0,0
957,6,BHISHMA PARVA,LVIII,0,1,0,0,0,0,1
958,6,BHISHMA PARVA,LIX,0,0,0,0,0,0,0
959,6,BHISHMA PARVA,LX,0,0,0,0,0,0,0
960,6,BHISHMA PARVA,LXI,0,0,0,0,0,0,0
961,6,BHISHMA PARVA,LXII,0,0,0,0,0,0,0
962,6,BHISHMA PARVA,LXIII,0,0,0,0,0,0,0
963,6,BHISHMA PARVA,LXIV,0,0,0,0,0,0,0
964,6,BHISHMA PARVA,LXV,0,0,0,0,0,0,0
965,6,BHISHMA PARVA,LXVI,0,0,0,0,0,0,0
966,6,BHISHMA PARVA,LXVII,0,0,0,0,0,0,0
967,6,BHISHMA PARVA,LXVIII,0,0,0,0,0,0,0
968,6,BHISHMA PARVA,LXIX,0,0,0,0,0,0,0
969,6,BHISHMA PARVA,LXX,0,0,0,0,0,0,0
970,6,BHISHMA PARVA,LXXI,0,0,0,0,0,0,0
971,6,BHISHMA PARVA,LXXII,0,0,0,0,0,0,0
972,6,BHISHMA PARVA,LXXIII,0,0,0,0,0,0,0
973,6,BHISHMA PARVA,LXXIV,0,0,0,0,0,0,0
974,6,BHISHMA PARVA,LXXV,0,0,0,0,0,0,0
975,6,BHISHMA PARVA,LXXVI,0,0,0,0,0,0,0
976,6,BHISHMA PARVA,LXXVII,0,1,0,0,0,0,1
977,6,BHISHMA PARVA,LXXVIII,0,0,0,0,0,0,0
978,6,BHISHMA PARVA,LXXIX,0,0,0,0,0,0,0
979,6,BHISHMA PARVA,LXXX,0,1,0,0,0,0,1
980,6,BHISHMA PARVA,LXXXI,0,0,0,0,0,0,0
981,6,BHISHMA PARVA,LXXXII,0,0,0,0,0,0,0
982,6,BHISHMA PARVA,LXXXIII,0,0,0,0,1,0,1
983,6,BHISHMA PARVA,LXXXIV,0,0,0,0,0,0,0
984,6,BHISHMA PARVA,LXXXV,0,0,0,0,0,0,0
985,6,BHISHMA PARVA,LXXXVI,0,0,0,0,0,0,0
986,6,BHISHMA PARVA,LXXXVII,0,0,0,0,0,0,0
987,6,BHISHMA PARVA,LXXXVIII,0,0,0,0,0,0,0
988,6,BHISHMA PARVA,LXXXIX,0,0,0,0,0,0,0
989,6,BHISHMA PARVA,XC,0,0,0,0,0,0,0
990,6,BHISHMA PARVA,XCI,0,0,0,0,2,0,2
991,6,BHISHMA PARVA,XCII,0,0,0,0,0,0,0
992,6,BHISHMA PARVA,XCIII,0,0,0,0,0,0,0
993,6,BHISHMA PARVA,XCIV,0,0,0,0,0,0,0
994,6,BHISHMA PARVA,XCV,0,0,0,0,0,0,0
995,6,BHISHMA PARVA,XCVI,0,0,0,0,0,0,0
996,6,BHISHMA PARVA,XCVII,0,1,0,0,0,0,1
997,6,BHISHMA PARVA,XCVIII,0,5,3,0,0,0,8
998,6,BHISHMA PARVA,XCIX,0,1,0,0,0,0,1
999,6,BHISHMA PARVA,C,0,0,0,0,0,0,0
1000,6,BHISHMA PARVA,CI,0,0,0,0,0,0,0
1001,6,BHISHMA PARVA,CII,0,0,0,0,0,0,0
1002,6,BHISHMA PARVA,CIII,0,0,0,0,0,0,0
1003,6,BHISHMA PARVA,CIV,0,0,0,0,1,0,1
1004,6,BHISHMA PARVA,CV,0,0,0,0,0,0,0
1005,6,BHISHMA PARVA,CVI,0,0,0,0,0,0,0
1006,6,BHISHMA PARVA,CVII,0,0,0,0,0,0,0
1007,6,BHISHMA PARVA,CVIII,0,0,0,0,0,0,0
1008,6,BHISHMA PARVA,CIX,0,0,0,0,0,0,0
1009,6,BHISHMA PARVA,CX,0,0,0,0,0,0,0
1010,6,BHISHMA PARVA,CXI,0,0,0,0,0,0,0
1011,6,BHISHMA PARVA,CXII,0,0,0,0,0,0,0
1012,6,BHISHMA PARVA,CXIII,0,0,0,0,0,0,0
1013,6,BHISHMA PARVA,CXIV,0,0,0,0,0,0,0
1014,6,BHISHMA PARVA,CXV,0,0,0,0,0,0,0
1015,6,BHISHMA PARVA,CXVI,0,0,0,0,0,0,0
1016,6,BHISHMA PARVA,CXVII,0,0,0,0,0,0,0
1017,6,BHISHMA PARVA,CXVIII,0,0,0,0,0,0,0
1018,6,BHISHMA PARVA,CXIX,0,0,0,0,0,0,0
1019,6,BHISHMA PARVA,CXX,0,0,0,0,0,0,0
1020,6,BHISHMA PARVA,CXXI,0,1,0,0,0,0,1
1021,6,BHISHMA PARVA,CXXII,0,0,0,0,0,0,0
1022,6,BHISHMA PARVA,CXXIII,0,0,0,0,0,0,0
1023,6,BHISHMA PARVA,CXXIV,0,10,0,0,1,0,11
1024,7,DRONA PARVA,I,0,12,0,0,0,0,12
1025,7,DRONA PARVA,II,0,6,0,0,0,0,6
1026,7,DRONA PARVA,III,0,2,0,0,0,0,2
1027,7,DRONA PARVA,IV,0,6,0,0,0,0,6
1028,7,DRONA PARVA,V,0,5,0,0,0,0,5
1029,7,DRONA PARVA,VI,0,1,0,0,0,0,1
1030,7,DRONA PARVA,VII,0,8,1,0,0,0,9
1031,7,DRONA PARVA,VIII,0,0,0,0,0,0,0
1032,7,DRONA PARVA,IX,0,0,0,0,0,0,0
1033,7,DRONA PARVA,X,0,0,0,0,0,0,0
1034,7,DRONA PARVA,XI,0,0,0,0,0,0,0
1035,7,DRONA PARVA,XII,0,1,0,0,0,0,1
1036,7,DRONA PARVA,XIII,0,0,0,0,0,0,0
1037,7,DRONA PARVA,XIV,0,0,1,0,0,0,1
1038,7,DRONA PARVA,XV,0,0,0,0,0,0,0
1039,7,DRONA PARVA,XVI,0,4,0,0,4,0,8
1040,7,DRONA PARVA,XVII,0,0,0,0,0,0,0
1041,7,DRONA PARVA,XVIII,0,0,0,0,0,0,0
1042,7,DRONA PARVA,XIX,0,0,0,0,0,0,0
1043,7,DRONA PARVA,XX,0,1,0,0,1,0,2
1044,7,DRONA PARVA,XXI,0,0,0,0,0,0,0
1045,7,DRONA PARVA,XXII,0,3,0,1,0,0,4
1046,7,DRONA PARVA,XXIII,0,7,0,0,1,0,8
1047,7,DRONA PARVA,XXIV,0,0,0,0,0,0,0
1048,7,DRONA PARVA,XXV,0,1,0,0,0,0,1
1049,7,DRONA PARVA,XXVI,0,0,0,0,0,0,0
1050,7,DRONA PARVA,XXVII,0,0,0,0,0,0,0
1051,7,DRONA PARVA,XXVIII,0,0,0,0,5,0,5
1052,7,DRONA PARVA,XXIX,0,0,0,0,0,0,0
1053,7,DRONA PARVA,XXX,0,19,2,0,0,0,21
1054,7,DRONA PARVA,XXXI,0,0,0,0,0,0,0
1055,7,DRONA PARVA,XXXII,0,1,0,0,0,0,1
1056,7,DRONA PARVA,XXXIII,0,0,0,0,0,0,0
1057,7,DRONA PARVA,XXXIV,0,0,0,0,0,0,0
1058,7,DRONA PARVA,XXXV,0,7,0,0,2,0,9
1059,7,DRONA PARVA,XXXVI,0,0,0,0,0,0,0
1060,7,DRONA PARVA,XXXVII,0,2,0,0,0,0,2
1061,7,DRONA PARVA,XXXVIII,0,8,0,0,0,0,8
1062,7,DRONA PARVA,XXXIX,0,5,0,0,0,0,5
1063,7,DRONA PARVA,XL,0,0,0,0,0,0,0
1064,7,DRONA PARVA,XLI,0,0,0,0,0,0,0
1065,7,DRONA PARVA,XLII,0,0,0,0,3,0,3
1066,7,DRONA PARVA,XLIII,0,0,0,0,0,0,0
1067,7,DRONA PARVA,XLIV,0,2,0,0,0,0,2
1068,7,DRONA PARVA,XLV,0,3,0,0,0,0,3
1069,7,DRONA PARVA,XLVI,0,9,0,0,0,0,9
1070,7,DRONA PARVA,XLVII,0,1,0,0,0,0,1
1071,7,DRONA PARVA,XLVIII,0,0,0,0,0,0,0
1072,7,DRONA PARVA,XLIX,0,0,0,0,0,0,0
1073,7,DRONA PARVA,L,0,0,0,0,0,0,0
1074,7,DRONA PARVA,LI,0,0,0,0,0,0,0
1075,7,DRONA PARVA,LII,0,0,0,0,0,0,0
1076,7,DRONA PARVA,LIII,0,0,0,0,0,0,0
1077,7,DRONA PARVA,LVI,0,0,0,0,0,0,0
1078,7,DRONA PARVA,LVII,0,0,0,0,0,0,0
1079,7,DRONA PARVA,LVIII,0,0,0,0,0,0,0
1080,7,DRONA PARVA,LIX,0,0,0,0,0,0,0
1081,7,DRONA PARVA,LX,0,0,0,0,0,0,0
1082,7,DRONA PARVA,LXI,0,0,0,0,0,0,0
1083,7,DRONA PARVA,LXII,0,0,0,0,0,0,0
1084,7,DRONA PARVA,LXIII,0,0,0,0,0,0,0
1085,7,DRONA PARVA,LXIV,0,0,0,0,0,0,0
1086,7,DRONA PARVA,LXV,0,0,0,0,0,0,0
1087,7,DRONA PARVA,LXVI,0,0,0,0,0,0,0
1088,7,DRONA PARVA,LXVII,0,0,0,0,0,0,0
1089,7,DRONA PARVA,LXVIII,0,0,0,0,0,0,0
1090,7,DRONA PARVA,LXIX,0,0,0,0,1,0,1
1091,7,DRONA PARVA,LXX,0,0,0,0,0,0,0
1092,7,DRONA PARVA,LXXI,0,0,0,0,0,0,0
1093,7,DRONA PARVA,LXXII,0,1,0,0,0,0,1
1094,7,DRONA PARVA,LXXIII,0,1,0,0,0,0,1
1095,7,DRONA PARVA,LXXIV,0,2,0,0,1,0,3
1096,7,DRONA PARVA,LXXV,0,1,0,0,1,0,2
1097,7,DRONA PARVA,LXXVI,0,0,0,0,0,0,0
1098,7,DRONA PARVA,LXXVII,0,0,0,0,0,0,0
1099,7,DRONA PARVA,LXXVIII,0,0,0,0,0,0,0
1100,7,DRONA PARVA,LXXIX,0,1,0,0,0,0,1
1101,7,DRONA PARVA,LXXX,0,0,0,0,1,0,1
1102,7,DRONA PARVA,LXXXI,0,0,0,0,0,0,0
1103,7,DRONA PARVA,LXXXII,0,0,0,0,0,0,0
1104,7,DRONA PARVA,LXXXIII,0,0,0,0,0,0,0
1105,7,DRONA PARVA,LXXXIV,0,0,0,0,0,0,0
1106,7,DRONA PARVA,LXXXV,0,3,0,0,0,0,3
1107,7,DRONA PARVA,LXXXVI,0,1,0,0,0,0,1
1108,7,DRONA PARVA,LXXXVII,0,2,0,0,1,0,3
1109,7,DRONA PARVA,LXXXVIII,0,0,0,0,0,0,0
1110,7,DRONA PARVA,LXXXIX,0,0,0,0,0,0,0
1111,7,DRONA PARVA,XC,0,1,0,0,0,0,1
1112,7,DRONA PARVA,XCI,0,0,0,0,0,0,0
1113,7,DRONA PARVA,XCII,0,0,0,0,0,0,0
1114,7,DRONA PARVA,XCIII,0,0,0,0,0,0,0
1115,7,DRONA PARVA,XCIV,0,1,1,0,1,0,3
1116,7,DRONA PARVA,XCV,0,1,0,0,0,0,1
1117,7,DRONA PARVA,XCVI,0,0,0,0,0,0,0
1118,7,DRONA PARVA,XCVII,0,0,0,0,0,0,0
1119,7,DRONA PARVA,XCVIII,0,0,0,0,0,0,0
1120,7,DRONA PARVA,XCIX,0,0,0,0,0,0,0
1121,7,DRONA PARVA,C,0,0,0,0,0,0,0
1122,7,DRONA PARVA,CI,0,0,0,0,0,0,0
1123,7,DRONA PARVA,CII,0,0,0,0,0,0,0
1124,7,DRONA PARVA,CIII,0,4,0,0,4,0,8
1125,7,DRONA PARVA,CIV,0,1,0,0,2,0,3
1126,7,DRONA PARVA,CV,0,0,0,0,0,0,0
1127,7,DRONA PARVA,CVI,0,0,0,0,0,0,0
1128,7,DRONA PARVA,CVII,0,0,0,0,0,0,0
1129,7,DRONA PARVA,CVIII,0,0,0,0,0,0,0
1130,7,DRONA PARVA,CIX,0,0,0,0,0,0,0
1131,7,DRONA PARVA,CX,0,1,0,0,0,0,1
1132,7,DRONA PARVA,CXI,0,5,0,0,0,0,5
1133,7,DRONA PARVA,CXII,0,3,1,0,0,0,4
1134,7,DRONA PARVA,CXIII,0,1,0,0,0,0,1
1135,7,DRONA PARVA,CXIV,0,0,0,0,0,0,0
1136,7,DRONA PARVA,CXV,0,0,0,0,0,0,0
1137,7,DRONA PARVA,CXVI,0,0,0,0,0,0,0
1138,7,DRONA PARVA,CXVII,0,0,0,0,0,0,0
1139,7,DRONA PARVA,CXVIII,0,0,0,0,0,0,0
1140,7,DRONA PARVA,CXIX,0,0,0,0,0,0,0
1141,7,DRONA PARVA,CXX,0,0,0,0,0,0,0
1142,7,DRONA PARVA,CXXI,0,0,0,0,0,0,0
1143,7,DRONA PARVA,CXXII,0,0,0,0,0,0,0
1144,7,DRONA PARVA,CXXII,0,0,0,0,0,0,0
1145,7,DRONA PARVA,CXXIV,0,0,0,0,0,0,0
1146,7,DRONA PARVA,CXXV,0,0,0,0,0,0,0
1147,7,DRONA PARVA,CXXVI,0,0,0,0,0,0,0
1148,7,DRONA PARVA,CXXVII,0,0,0,0,0,0,0
1149,7,DRONA PARVA,CXXVIII,0,22,2,0,1,0,25
1150,7,DRONA PARVA,CXXIX,0,0,0,0,0,0,0
1151,7,DRONA PARVA,CXXX,0,35,11,0,0,0,46
1152,7,DRONA PARVA,CXXXI,0,14,2,0,0,0,16
1153,7,DRONA PARVA,CXXXII,0,20,2,0,0,0,22
1154,7,DRONA PARVA,CXXXIII,0,14,6,0,0,0,20
1155,7,DRONA PARVA,CXXXIV,0,14,2,0,0,0,16
1156,7,DRONA PARVA,CXXXV,0,20,6,0,0,0,26
1157,7,DRONA PARVA,CXXXVI,0,12,2,0,1,0,15
1158,7,DRONA PARVA,CXXXVII,0,9,0,0,0,0,9
1159,7,DRONA PARVA,CXXXVIII,0,56,15,0,1,0,72
1160,7,DRONA PARVA,CXXXIX,0,2,0,0,0,0,2
1161,7,DRONA PARVA,CXL,0,0,0,0,0,0,0
1162,7,DRONA PARVA,CXLI,0,0,0,0,0,0,0
1163,7,DRONA PARVA,CXLII,0,1,0,0,1,0,2
1164,7,DRONA PARVA,CXLIII,0,0,0,0,0,0,0
1165,7,DRONA PARVA,CXLIV,0,26,4,0,6,0,36
1166,7,DRONA PARVA,CXLV,0,4,0,0,4,0,8
1167,7,DRONA PARVA,CXLVI,0,26,0,0,2,0,28
1168,7,DRONA PARVA,CXLVII,0,7,0,0,1,0,8
1169,7,DRONA PARVA,CXLVIII,0,1,0,0,0,0,1
1170,7,DRONA PARVA,CXLIX,0,4,0,0,0,0,4
1171,7,DRONA PARVA,CI,0,2,0,0,0,0,2
1172,7,DRONA PARVA,CLI,0,2,0,0,0,0,2
1173,7,DRONA PARVA,CLII,0,0,0,0,0,0,0
1174,7,DRONA PARVA,CLIII,0,0,0,0,0,0,0
1175,7,DRONA PARVA,CLIV,0,6,0,0,0,0,6
1176,7,DRONA PARVA,CLV,0,3,0,0,2,0,5
1177,7,DRONA PARVA,CLVI,0,2,0,0,0,0,2
1178,7,DRONA PARVA,CLVII,0,12,4,0,1,0,17
1179,7,DRONA PARVA,CLVIII,0,35,10,0,0,0,45
1180,7,DRONA PARVA,CLIX,0,1,0,0,0,0,1
1181,7,DRONA PARVA,CLX,0,0,0,0,0,0,0
1182,7,DRONA PARVA,CLXI,0,0,0,0,0,0,0
1183,7,DRONA PARVA,CLXII,0,1,0,0,0,0,1
1184,7,DRONA PARVA,CLXIII,0,1,0,0,0,0,1
1185,7,DRONA PARVA,CLXIV,0,1,0,0,1,0,2
1186,7,DRONA PARVA,CLXV,0,0,0,0,0,0,0
1187,7,DRONA PARVA,CLXVI,0,14,0,0,0,0,14
1188,7,DRONA PARVA,CLXVII,0,0,0,0,0,0,0
1189,7,DRONA PARVA,CLXVIII,0,4,0,0,7,0,11
1190,7,DRONA PARVA,CLXIX,0,0,0,0,0,0,0
1191,7,DRONA PARVA,CLXX,0,18,2,0,4,0,24
1192,7,DRONA PARVA,CLXXI,0,1,0,0,0,0,1
1193,7,DRONA PARVA,CLXXII,0,7,1,0,1,0,9
1194,7,DRONA PARVA,CLXXIII,0,36,6,0,0,0,42
1195,7,DRONA PARVA,CLXXIV,0,12,1,0,0,0,13
1196,7,DRONA PARVA,CLXXV,0,45,13,0,1,0,59
1197,7,DRONA PARVA,CLXXVI,0,1,0,0,0,0,1
1198,7,DRONA PARVA,CLXXVII,0,10,0,0,0,0,10
1199,7,DRONA PARVA,CLXXVIII,0,7,1,0,0,0,8
1200,7,DRONA PARVA,CLXXIX,0,22,6,0,0,1,29
1201,7,DRONA PARVA,CLXXX,0,13,0,0,2,1,16
1202,7,DRONA PARVA,CLXXXI,0,3,1,0,0,0,4
1203,7,DRONA PARVA,CLXXXII,0,25,4,0,1,0,30
1204,7,DRONA PARVA,CLXXXIII,0,19,7,0,0,0,26
1205,7,DRONA PARVA,CLXXXIV,0,4,1,0,0,0,5
1206,7,DRONA PARVA,CLXXXV,0,3,0,0,0,0,3
1207,7,DRONA PARVA,CLXXXVI,0,4,0,0,0,0,4
1208,7,DRONA PARVA,CLXXXVII,0,2,0,0,0,0,2
1209,7,DRONA PARVA,CLXXXVIII,0,8,0,0,0,0,8
1210,7,DRONA PARVA,CXC,0,7,1,0,0,0,8
1211,7,DRONA PARVA,CXCI,0,0,0,0,0,0,0
1212,7,DRONA PARVA,CXCII,0,3,0,0,0,0,3
1213,7,DRONA PARVA,CXCIII,0,4,1,0,0,0,5
1214,7,DRONA PARVA,CXCIV,0,1,1,0,1,0,3
1215,7,DRONA PARVA,CXCV,0,1,0,0,0,0,1
1216,7,DRONA PARVA,CXCVI,0,0,0,0,0,0,0
1217,7,DRONA PARVA,CXCVII,0,0,0,0,0,0,0
1218,7,DRONA PARVA,CXCVIII,0,0,0,0,0,0,0
1219,7,DRONA PARVA,CXCIX,0,0,0,0,0,0,0
1220,7,DRONA PARVA,CC,0,0,0,0,0,0,0
1221,7,DRONA PARVA,CCI,0,2,0,0,2,0,4
1222,7,DRONA PARVA,CCII,0,1,0,0,2,0,3
1223,7,DRONA PARVA,CCIII,0,5,0,0,0,1,6
1224,8,KARNA-PARVA,1,0,6,1,0,1,0,8
1225,8,KARNA-PARVA,2,0,2,1,0,0,0,3
1226,8,KARNA-PARVA,3,0,4,0,0,0,0,4
1227,8,KARNA-PARVA,4,0,0,0,0,0,1,1
1228,8,KARNA-PARVA,5,0,6,0,0,5,0,11
1229,8,KARNA-PARVA,6,0,0,0,0,0,0,0
1230,8,KARNA-PARVA,7,0,3,0,0,0,0,3
1231,8,KARNA-PARVA,8,0,9,0,0,1,0,10
1232,8,KARNA-PARVA,9,0,22,1,0,1,3,27
1233,8,KARNA-PARVA,10,0,14,0,0,0,0,14
1234,8,KARNA-PARVA,11,0,11,4,0,0,0,15
1235,8,KARNA-PARVA,12,0,0,0,0,0,0,0
1236,8,KARNA-PARVA,13,0,4,1,0,0,0,5
1237,8,KARNA-PARVA,14,0,0,0,0,0,0,0
1238,8,KARNA-PARVA,15,0,0,0,0,0,0,0
1239,8,KARNA-PARVA,16,0,0,0,0,0,0,0
1240,8,KARNA-PARVA,17,0,2,0,0,0,0,2
1241,8,KARNA-PARVA,18,0,0,0,0,0,0,0
1242,8,KARNA-PARVA,19,0,1,0,0,0,0,1
1243,8,KARNA-PARVA,20,0,4,0,0,0,0,4
1244,8,KARNA-PARVA,21,0,10,1,0,0,0,11
1245,8,KARNA-PARVA,22,0,1,0,0,0,0,1
1246,8,KARNA-PARVA,23,0,0,0,0,0,0,0
1247,8,KARNA-PARVA,24,0,26,10,0,0,0,36
1248,8,KARNA-PARVA,25,0,0,0,0,0,0,0
1249,8,KARNA-PARVA,26,0,0,0,0,0,0,0
1250,8,KARNA-PARVA,27,0,0,0,0,0,0,0
1251,8,KARNA-PARVA,28,0,2,0,0,0,0,2
1252,8,KARNA-PARVA,29,0,0,0,0,0,0,0
1253,8,KARNA-PARVA,30,1,10,0,0,0,0,11
1254,8,KARNA-PARVA,31,0,17,2,0,0,0,19
1255,8,KARNA-PARVA,32,0,21,1,0,0,0,22
1256,8,KARNA-PARVA,33,0,0,0,0,0,0,0
1257,8,KARNA-PARVA,34,0,10,0,0,0,1,11
1258,8,KARNA-PARVA,35,0,20,1,0,0,2,23
1259,8,KARNA-PARVA,36,0,10,0,0,0,0,10
1260,8,KARNA-PARVA,37,0,10,2,0,0,1,13
1261,8,KARNA-PARVA,38,0,2,1,0,0,0,3
1262,8,KARNA-PARVA,39,0,10,4,0,0,0,14
1263,8,KARNA-PARVA,40,0,3,0,0,0,0,3
1264,8,KARNA-PARVA,41,0,11,1,0,1,0,13
1265,8,KARNA-PARVA,42,0,0,0,0,0,0,0
1266,8,KARNA-PARVA,43,0,1,0,0,0,0,1
1267,8,KARNA-PARVA,44,0,4,0,0,0,0,4
1268,8,KARNA-PARVA,45,0,6,0,0,0,0,6
1269,8,KARNA-PARVA,46,0,14,1,0,0,0,15
1270,8,KARNA-PARVA,47,0,4,0,0,0,0,4
1271,8,KARNA-PARVA,48,0,24,2,0,10,1,37
1272,8,KARNA-PARVA,49,1,32,5,0,1,1,40
1273,8,KARNA-PARVA,50,0,19,6,0,1,1,27
1274,8,KARNA-PARVA,51,0,23,1,0,0,0,24
1275,8,KARNA-PARVA,52,0,0,0,0,0,0,0
1276,8,KARNA-PARVA,53,0,0,0,0,0,0,0
1277,8,KARNA-PARVA,54,0,1,1,0,0,1,3
1278,8,KARNA-PARVA,55,0,0,0,0,0,0,0
1279,8,KARNA-PARVA,56,1,26,6,0,0,0,33
1280,8,KARNA-PARVA,57,0,2,0,0,0,0,2
1281,8,KARNA-PARVA,58,0,4,0,0,0,0,4
1282,8,KARNA-PARVA,59,0,14,1,0,0,0,15
1283,8,KARNA-PARVA,60,0,19,1,0,0,0,20
1284,8,KARNA-PARVA,61,0,13,2,0,4,0,19
1285,8,KARNA-PARVA,62,0,9,2,0,0,1,12
1286,8,KARNA-PARVA,63,0,8,1,0,0,0,9
1287,8,KARNA-PARVA,64,0,11,4,0,0,0,15
1288,8,KARNA-PARVA,65,0,4,0,0,0,0,4
1289,8,KARNA-PARVA,66,0,33,8,0,1,0,42
1290,8,KARNA-PARVA,67,0,10,6,0,0,0,16
1291,8,KARNA-PARVA,68,0,11,1,0,0,0,12
1292,8,KARNA-PARVA,69,0,6,1,0,0,0,7
1293,8,KARNA-PARVA,70,0,4,3,0,0,0,7
1294,8,KARNA-PARVA,71,0,13,1,0,0,0,14
1295,8,KARNA-PARVA,72,0,10,4,0,0,1,15
1296,8,KARNA-PARVA,73,0,33,1,0,0,1,35
1297,8,KARNA-PARVA,74,0,28,5,0,0,1,34
1298,8,KARNA-PARVA,75,0,6,0,0,1,0,7
1299,8,KARNA-PARVA,76,0,0,0,0,0,0,0
1300,8,KARNA-PARVA,77,0,4,1,0,0,0,5
1301,8,KARNA-PARVA,78,0,31,3,0,0,0,34
1302,8,KARNA-PARVA,79,0,17,3,0,0,0,20
1303,8,KARNA-PARVA,80,0,0,1,0,0,0,1
1304,8,KARNA-PARVA,81,0,12,2,0,1,0,15
1305,8,KARNA-PARVA,82,0,17,5,0,0,1,23
1306,8,KARNA-PARVA,83,0,4,0,0,0,0,4
1307,8,KARNA-PARVA,84,0,16,1,0,12,0,29
1308,8,KARNA-PARVA,85,0,12,2,0,11,0,25
1309,8,KARNA-PARVA,86,0,12,1,0,0,0,13
1310,8,KARNA-PARVA,87,0,41,1,0,1,0,43
1311,8,KARNA-PARVA,88,0,6,2,0,0,0,8
1312,8,KARNA-PARVA,89,0,61,12,0,0,1,74
1313,8,KARNA-PARVA,90,0,59,9,0,3,1,72
1314,8,KARNA-PARVA,91,0,36,2,0,2,1,41
1315,8,KARNA-PARVA,92,0,7,2,0,0,0,9
1316,8,KARNA-PARVA,93,0,5,2,0,0,0,7
1317,8,KARNA-PARVA,94,0,18,2,0,1,2,23
1318,8,KARNA-PARVA,95,0,5,0,0,0,1,6
1319,8,KARNA-PARVA,96,0,17,3,0,0,1,21
1320,9,SHALYA-PARVA,1,0,6,1,0,1,0,8
1321,9,SHALYA-PARVA,2,0,3,2,0,0,0,5
1322,9,SHALYA-PARVA,3,0,3,4,0,0,0,7
1323,9,SHALYA-PARVA,4,0,2,1,0,0,0,3
1324,9,SHALYA-PARVA,5,0,1,0,0,0,0,1
1325,9,SHALYA-PARVA,6,0,1,0,0,0,0,1
1326,9,SHALYA-PARVA,7,0,5,1,0,0,0,6
1327,9,SHALYA-PARVA,8,0,3,1,0,0,0,4
1328,9,SHALYA-PARVA,9,0,0,0,0,0,0,0
1329,9,SHALYA-PARVA,10,0,5,0,0,0,0,5
1330,9,SHALYA-PARVA,11,0,0,0,0,0,0,0
1331,9,SHALYA-PARVA,12,0,0,0,0,0,0,0
1332,9,SHALYA-PARVA,13,0,0,0,0,0,0,0
1333,9,SHALYA-PARVA,14,0,0,0,0,0,0,0
1334,9,SHALYA-PARVA,15,0,0,0,0,0,0,0
1335,9,SHALYA-PARVA,16,0,1,0,0,0,0,1
1336,9,SHALYA-PARVA,17,0,0,0,0,0,0,0
1337,9,SHALYA-PARVA,18,0,0,0,0,0,0,0
1338,9,SHALYA-PARVA,19,0,1,1,0,0,0,2
1339,9,SHALYA-PARVA,20,0,0,0,0,0,0,0
1340,9,SHALYA-PARVA,21,0,0,0,0,0,0,0
1341,9,SHALYA-PARVA,22,0,0,0,0,0,0,0
1342,9,SHALYA-PARVA,23,0,0,0,0,0,0,0
1343,9,SHALYA-PARVA,24,0,1,0,0,0,0,1
1344,9,SHALYA-PARVA,25,0,0,0,0,0,0,0
1345,9,SHALYA-PARVA,26,0,0,0,0,0,0,0
1346,9,SHALYA-PARVA,27,0,1,0,0,0,1,2
1347,9,SHALYA-PARVA,28,0,0,0,0,0,0,0
1348,9,SHALYA-PARVA,29,0,0,0,0,0,0,0
1349,9,SHALYA-PARVA,30,0,0,0,0,0,0,0
1350,9,SHALYA-PARVA,31,0,2,0,0,0,0,2
1351,9,SHALYA-PARVA,32,0,1,0,0,0,0,1
1352,9,SHALYA-PARVA,33,0,1,0,0,0,0,1
1353,9,SHALYA-PARVA,34,0,0,0,0,0,0,0
1354,9,SHALYA-PARVA,35,0,0,0,0,0,0,0
1355,9,SHALYA-PARVA,36,0,0,0,0,0,0,0
1356,9,SHALYA-PARVA,37,0,0,0,0,0,0,0
1357,9,SHALYA-PARVA,38,0,0,0,0,0,0,0
1358,9,SHALYA-PARVA,39,0,0,0,0,0,0,0
1359,9,SHALYA-PARVA,40,0,0,0,0,0,0,0
1360,9,SHALYA-PARVA,41,0,0,0,0,0,0,0
1361,9,SHALYA-PARVA,42,0,0,0,0,0,0,0
1362,9,SHALYA-PARVA,43,0,0,0,0,0,0,0
1363,9,SHALYA-PARVA,44,0,0,0,0,0,0,0
1364,9,SHALYA-PARVA,45,0,0,0,0,1,0,1
1365,9,SHALYA-PARVA,46,0,1,0,0,0,0,1
1366,9,SHALYA-PARVA,47,0,0,0,0,0,0,0
1367,9,SHALYA-PARVA,48,0,0,0,0,0,0,0
1368,9,SHALYA-PARVA,49,0,0,0,0,0,0,0
1369,9,SHALYA-PARVA,50,0,0,0,0,0,0,0
1370,9,SHALYA-PARVA,51,0,0,0,0,0,0,0
1371,9,SHALYA-PARVA,52,0,0,0,0,0,0,0
1372,9,SHALYA-PARVA,53,0,0,0,0,0,0,0
1373,9,SHALYA-PARVA,54,0,1,0,0,0,0,1
1374,9,SHALYA-PARVA,55,0,0,0,0,0,0,0
1375,9,SHALYA-PARVA,56,0,1,0,0,0,0,1
1376,9,SHALYA-PARVA,57,0,0,0,0,0,0,0
1377,9,SHALYA-PARVA,58,0,0,0,0,0,0,0
1378,9,SHALYA-PARVA,59,0,0,0,0,0,0,0
1379,9,SHALYA-PARVA,60,0,0,0,0,0,0,0
1380,9,SHALYA-PARVA,61,0,8,0,0,0,0,8
1381,9,SHALYA-PARVA,62,0,2,0,0,0,0,2
1382,9,SHALYA-PARVA,63,0,0,0,0,0,0,0
1383,9,SHALYA-PARVA,64,0,2,0,0,1,0,3
1384,9,SHALYA-PARVA,65,0,1,0,0,0,0,1
1385,10,SAUPTIKA-PARVA,1,0,0,0,0,0,0,0
1386,10,SAUPTIKA-PARVA,2,0,0,0,0,0,0,0
1387,10,SAUPTIKA-PARVA,3,0,1,0,0,0,0,1
1388,10,SAUPTIKA-PARVA,4,0,0,0,0,0,0,0
1389,10,SAUPTIKA-PARVA,5,0,1,0,0,0,0,1
1390,10,SAUPTIKA-PARVA,6,0,0,0,0,0,0,0
1391,10,SAUPTIKA-PARVA,7,0,0,0,0,0,0,0
1392,10,SAUPTIKA-PARVA,8,0,0,0,0,0,0,0
1393,10,SAUPTIKA-PARVA,9,0,1,0,0,0,0,1
1394,10,SAUPTIKA-PARVA,10,0,2,0,0,0,0,2
1395,10,SAUPTIKA-PARVA,11,0,0,0,0,0,0,0
1396,10,SAUPTIKA-PARVA,12,0,0,0,0,0,0,0
1397,10,SAUPTIKA-PARVA,13,0,0,0,0,0,0,0
1398,10,SAUPTIKA-PARVA,14,0,0,0,0,0,0,0
1399,10,SAUPTIKA-PARVA,15,0,0,0,0,0,0,0
1400,10,SAUPTIKA-PARVA,16,0,0,0,0,0,0,0
1401,10,SAUPTIKA-PARVA,17,0,0,0,0,0,0,0
1402,10,SAUPTIKA-PARVA,18,0,0,0,0,0,0,0
1403,11,STRI-PARVA,1,0,1,0,0,0,0,1
1404,11,STRI-PARVA,2,0,0,0,0,0,0,0
1405,11,STRI-PARVA,3,0,0,0,0,0,0,0
1406,11,STRI-PARVA,4,0,0,0,0,0,0,0
1407,11,STRI-PARVA,5,0,0,0,0,0,0,0
1408,11,STRI-PARVA,6,0,0,0,0,0,0,0
1409,11,STRI-PARVA,7,0,0,0,0,0,0,0
1410,11,STRI-PARVA,8,0,1,0,0,0,0,1
1411,11,STRI-PARVA,9,0,0,0,0,0,0,0
1412,11,STRI-PARVA,10,0,0,0,0,0,0,0
1413,11,STRI-PARVA,11,0,0,0,0,0,0,0
1414,11,STRI-PARVA,12,0,0,0,0,0,0,0
1415,11,STRI-PARVA,13,0,0,0,0,0,0,0
1416,11,STRI-PARVA,14,0,1,0,0,0,0,1
1417,11,STRI-PARVA,15,0,1,0,0,2,0,3
1418,11,STRI-PARVA,16,0,2,0,0,0,0,2
1419,11,STRI-PARVA,17,0,0,0,0,0,0,0
1420,11,STRI-PARVA,18,0,1,0,0,0,0,1
1421,11,STRI-PARVA,19,0,0,0,0,0,0,0
1422,11,STRI-PARVA,20,0,1,0,0,0,0,1
1423,11,STRI-PARVA,21,0,6,0,0,1,0,7
1424,11,STRI-PARVA,22,0,0,0,0,0,0,0
1425,11,STRI-PARVA,23,0,2,0,0,0,0,2
1426,11,STRI-PARVA,24,0,0,0,0,0,0,0
1427,11,STRI-PARVA,25,0,1,0,0,0,0,1
1428,11,STRI-PARVA,26,0,1,0,0,1,0,2
1429,11,STRI-PARVA,27,0,6,0,0,0,0,6
1430,12,SANTI PARVA,I,0,11,0,0,0,0,11
1431,12,SANTI PARVA,II,0,9,1,0,0,0,10
1432,12,SANTI PARVA,III,0,15,0,0,0,0,15
1433,12,SANTI PARVA,IV,0,7,0,0,0,0,7
1434,12,SANTI PARVA,V,0,7,0,0,0,0,7
1435,12,SANTI PARVA,VI,0,2,0,0,0,0,2
1436,12,SANTI PARVA,VII,0,1,0,0,0,0,1
1437,12,SANTI PARVA,VIII,0,0,0,0,0,0,0
1438,12,SANTI PARVA,IX,0,0,0,0,0,0,0
1439,12,SANTI PARVA,X,0,0,0,0,0,0,0
1440,12,SANTI PARVA,XI,0,0,0,0,0,0,0
1441,12,SANTI PARVA,XII,0,0,0,0,0,0,0
1442,12,SANTI PARVA,XIII,0,0,0,0,0,0,0
1443,12,SANTI PARVA,XIV,0,1,0,0,0,0,1
1444,12,SANTI PARVA,XV,0,0,0,0,0,0,0
1445,12,SANTI PARVA,XVI,0,0,0,0,0,0,0
1446,12,SANTI PARVA,XVII,0,0,0,0,0,0,0
1447,12,SANTI PARVA,XVIII,0,0,0,0,0,0,0
1448,12,SANTI PARVA,XIX,0,0,0,0,0,0,0
1449,12,SANTI PARVA,XX,0,0,0,0,0,0,0
1450,12,SANTI PARVA,XXI,0,0,0,0,0,0,0
1451,12,SANTI PARVA,XXII,0,0,0,0,0,0,0
1452,12,SANTI PARVA,XXIII,0,0,0,0,0,0,0
1453,12,SANTI PARVA,XXIV,0,0,0,0,0,0,0
1454,12,SANTI PARVA,XXV,0,0,0,0,0,0,0
1455,12,SANTI PARVA,XXVI,0,0,0,0,0,0,0
1456,12,SANTI PARVA,XXVII,1,1,0,0,0,0,2
1457,12,SANTI PARVA,XXVIII,0,0,0,0,0,0,0
1458,12,SANTI PARVA,XXIX,0,0,0,0,0,0,0
1459,12,SANTI PARVA,XXX,0,0,0,0,0,0,0
1460,12,SANTI PARVA,XXXI,0,0,0,0,0,0,0
1461,12,SANTI PARVA,XXXII,0,0,0,0,0,0,0
1462,12,SANTI PARVA,XXXIII,0,0,0,0,0,0,0
1463,12,SANTI PARVA,XXXIV-XXXV,0,0,0,0,0,0,0
1464,12,SANTI PARVA,XXXVI,0,0,0,0,0,0,0
1465,12,SANTI PARVA,XXXVII,0,0,0,0,0,0,0
1466,12,SANTI PARVA,XXXVIII,0,0,0,0,0,0,0
1467,12,SANTI PARVA,XXXIX,0,0,0,0,0,0,0
1468,12,SANTI PARVA,XL,0,0,0,0,0,0,0
1469,12,SANTI PARVA,XLI,0,0,0,0,0,0,0
1470,12,SANTI PARVA,XLII,0,0,0,0,0,0,0
1471,12,SANTI PARVA,XLIII,0,1,0,0,0,0,1
1472,12,SANTI PARVA,XLIV,0,0,0,0,2,0,2
1473,12,SANTI PARVA,XLV,0,0,0,0,0,0,0
1474,12,SANTI PARVA,XLVI,0,0,0,0,0,0,0
1475,12,SANTI PARVA,XLVII,0,0,0,0,0,0,0
1476,12,SANTI PARVA,XLVIII,0,0,0,0,0,0,0
1477,12,SANTI PARVA,XLIX,0,0,0,0,0,0,0
1478,12,SANTI PARVA,L,0,0,0,0,0,0,0
1479,12,SANTI PARVA,LI,0,0,0,0,0,0,0
1480,12,SANTI PARVA,LII,0,0,0,0,0,0,0
1481,12,SANTI PARVA,LIII,0,0,0,0,0,0,0
1482,12,SANTI PARVA,LIV,0,0,0,0,0,0,0
1483,12,SANTI PARVA,LV,0,0,0,0,0,0,0
1484,12,SANTI PARVA,LVI,0,0,0,0,0,0,0
1485,12,SANTI PARVA,LVII,0,0,0,0,0,0,0
1486,12,SANTI PARVA,LVIII,0,0,0,0,0,0,0
1487,12,SANTI PARVA,LIX,0,0,0,0,0,0,0
1488,12,SANTI PARVA,LX,0,0,0,0,0,0,0
1489,12,SANTI PARVA,LXI,0,0,0,0,0,0,0
1490,12,SANTI PARVA,LXII,0,0,0,0,0,0,0
1491,12,SANTI PARVA,LXIII,0,0,0,0,0,0,0
1492,12,SANTI PARVA,LXIV,0,0,0,0,0,0,0
1493,12,SANTI PARVA,LXV,0,0,0,0,0,0,0
1494,12,SANTI PARVA,LXVI,0,0,0,0,0,0,0
1495,12,SANTI PARVA,LXVII,0,0,0,0,0,0,0
1496,12,SANTI PARVA,LXVIII,0,0,0,0,0,0,0
1497,12,SANTI PARVA,LXIX,0,0,0,0,0,0,0
1498,12,SANTI PARVA,LXX,0,0,0,0,0,0,0
1499,12,SANTI PARVA,LXXI,0,0,0,0,0,0,0
1500,12,SANTI PARVA,LXXII,0,0,0,0,0,0,0
1501,12,SANTI PARVA,LXXIII,0,0,0,0,0,0,0
1502,12,SANTI PARVA,LXXIV,0,0,0,0,0,0,0
1503,12,SANTI PARVA,LXXV,0,0,0,0,0,0,0
1504,12,SANTI PARVA,LXXVI,0,0,0,0,0,0,0
1505,12,SANTI PARVA,LXXVII,0,0,0,0,0,0,0
1506,12,SANTI PARVA,LXXVIII,0,0,0,0,0,0,0
1507,12,SANTI PARVA,LXXIX,0,0,0,0,0,0,0
1508,12,SANTI PARVA,LXXX,0,0,0,0,0,0,0
1509,12,SANTI PARVA,LXXXI,0,0,0,0,0,0,0
1510,12,SANTI PARVA,LXXXII,0,0,0,0,0,0,0
1511,12,SANTI PARVA,LXXXIII,0,0,0,0,0,0,0
1512,12,SANTI PARVA,LXXXIV,0,0,0,0,0,0,0
1513,12,SANTI PARVA,LXXXV,0,0,0,0,0,0,0
1514,12,SANTI PARVA,LXXXVI,0,0,0,0,0,0,0
1515,12,SANTI PARVA,LXXXVII,0,0,0,0,0,0,0
1516,12,SANTI PARVA,LXXXVIII,0,0,0,0,0,0,0
1517,12,SANTI PARVA,LXXXIX,0,0,0,0,0,0,0
1518,12,SANTI PARVA,XC,0,0,0,0,4,0,4
1519,12,SANTI PARVA,XCI,0,0,0,0,0,0,0
1520,12,SANTI PARVA,XCII,0,0,0,0,0,0,0
1521,12,SANTI PARVA,XCIII,0,0,0,0,0,0,0
1522,12,SANTI PARVA,XCIV,0,0,0,0,0,0,0
1523,12,SANTI PARVA,XCV,0,0,0,0,0,0,0
1524,12,SANTI PARVA,XCVI,0,0,0,0,0,0,0
1525,12,SANTI PARVA,XCVII,0,0,0,0,0,0,0
1526,12,SANTI PARVA,XCVIII,0,0,0,0,0,0,0
1527,12,SANTI PARVA,XCIX,0,0,0,0,0,0,0
1528,12,SANTI PARVA,C,0,0,0,0,0,0,0
1529,12,SANTI PARVA,CI,0,0,0,0,0,0,0
1530,12,SANTI PARVA,CII,0,0,0,0,0,0,0
1531,12,SANTI PARVA,CIII,0,0,0,0,0,0,0
1532,12,SANTI PARVA,CIV,0,0,0,0,0,0,0
1533,12,SANTI PARVA,CV,0,0,0,0,0,0,0
1534,12,SANTI PARVA,CVI,0,0,0,0,0,0,0
1535,12,SANTI PARVA,CVII,0,0,0,0,0,0,0
1536,12,SANTI PARVA,CVIII,0,0,0,0,0,0,0
1537,12,SANTI PARVA,CIX,0,0,0,0,0,0,0
1538,12,SANTI PARVA,CX,0,0,0,0,0,0,0
1539,12,SANTI PARVA,CXI,0,0,0,0,0,0,0
1540,12,SANTI PARVA,CXII,0,0,0,0,0,0,0
1541,12,SANTI PARVA,CXIII,0,0,0,0,0,0,0
1542,12,SANTI PARVA,CXIV,0,0,0,0,0,0,0
1543,12,SANTI PARVA,CXV,0,0,0,0,0,0,0
1544,12,SANTI PARVA,CXVI,0,0,0,0,0,0,0
1545,12,SANTI PARVA,CXVII,0,0,0,0,0,0,0
1546,12,SANTI PARVA,CXVIII,0,0,0,0,0,0,0
1547,12,SANTI PARVA,CXIX,0,0,0,0,0,0,0
1548,12,SANTI PARVA,CXX,0,0,0,0,0,0,0
1549,12,SANTI PARVA,CXXI,0,0,0,0,0,0,0
1550,12,SANTI PARVA,CXXII,0,0,0,0,0,0,0
1551,12,SANTI PARVA,CXXIII,0,0,0,0,0,0,0
1552,12,SANTI PARVA,CXXIV,0,1,0,0,0,0,1
1553,12,SANTI PARVA,CXXV,0,0,0,0,0,0,0
1554,12,SANTI PARVA,CXXVI,0,0,0,0,0,0,0
1555,12,SANTI PARVA,CXXVII,0,0,0,0,0,0,0
1556,12,SANTI PARVA,CXXVIII,0,0,0,0,0,0,0
1557,12,SANTI PARVA,CXXIX,0,0,0,0,0,0,0
1558,12,SANTI PARVA,CXXX,0,0,0,0,0,0,0
1559,12,SANTI PARVA,CXXXI,0,0,0,0,0,0,0
1560,12,SANTI PARVA,CXXXII,0,0,0,0,0,0,0
1561,12,SANTI PARVA,CXXXIII,0,0,0,0,0,0,0
1562,12,SANTI PARVA,CXXXIV,0,0,0,0,0,0,0
1563,12,SANTI PARVA,CXXXV,0,0,0,0,0,0,0
1564,12,SANTI PARVA,CXXXVI,0,0,0,0,0,0,0
1565,12,SANTI PARVA,CXXXVII,0,0,0,0,0,0,0
1566,12,SANTI PARVA,CXXXVIII,0,0,0,0,0,0,0
1567,12,SANTI PARVA,CXXXIX,0,0,0,0,0,0,0
1568,12,SANTI PARVA,CXL,0,0,0,0,0,0,0
1569,12,SANTI PARVA,CXLI,0,0,0,0,0,0,0
1570,12,SANTI PARVA,CXLII,0,0,0,0,0,0,0
1571,12,SANTI PARVA,CXLIII,0,0,0,0,0,0,0
1572,12,SANTI PARVA,CXLIV,0,0,0,0,0,0,0
1573,12,SANTI PARVA,CXLV,0,0,0,0,0,0,0
1574,12,SANTI PARVA,CXLVI,0,0,0,0,0,0,0
1575,12,SANTI PARVA,CXLVII,0,0,0,0,0,0,0
1576,12,SANTI PARVA,CXLVIII,0,0,0,0,0,0,0
1577,12,SANTI PARVA,CXLIX,0,0,0,0,0,0,0
1578,12,SANTI PARVA,CL,0,0,0,0,0,0,0
1579,12,SANTI PARVA,CLI,0,0,0,0,0,0,0
1580,12,SANTI PARVA,CLII,0,0,0,0,0,0,0
1581,12,SANTI PARVA,CLIII,0,0,0,0,0,0,0
1582,12,SANTI PARVA,CLIV,0,0,0,0,0,0,0
1583,12,SANTI PARVA,CLV,0,0,0,0,0,0,0
1584,12,SANTI PARVA,CLVI,0,0,0,0,0,0,0
1585,12,SANTI PARVA,CLVII,0,0,0,0,0,0,0
1586,12,SANTI PARVA,CLVIII,0,0,0,0,0,0,0
1587,12,SANTI PARVA,CLIX,0,0,0,0,1,0,1
1588,12,SANTI PARVA,CLX,0,0,0,0,0,0,0
1589,12,SANTI PARVA,CLXI,0,0,0,0,0,0,0
1590,12,SANTI PARVA,CLXII,0,0,0,0,0,0,0
1591,12,SANTI PARVA,CLXIII,0,0,0,0,0,0,0
1592,12,SANTI PARVA,CLXIV,0,0,0,0,0,0,0
1593,12,SANTI PARVA,CLXV,0,0,0,0,0,0,0
1594,12,SANTI PARVA,CLXVI,0,0,0,0,0,0,0
1595,12,SANTI PARVA,CLXVII,0,0,0,0,0,0,0
1596,12,SANTI PARVA,CLXVIII,0,0,0,0,0,0,0
1597,12,SANTI PARVA,CLXIX,0,0,0,0,0,0,0
1598,12,SANTI PARVA,CLXX,0,0,0,0,0,0,0
1599,12,SANTI PARVA,CLXXI,0,0,0,0,0,0,0
1600,12,SANTI PARVA,CLXXII,0,0,0,0,0,0,0
1601,12,SANTI PARVA,CLXXIII,0,0,0,0,0,0,0
1602,12,SANTI PARVA,CLXXIV,0,0,0,0,0,0,0
1603,12,SANTI PARVA,CLXXV,0,0,0,0,0,0,0
1604,12,SANTI PARVA,CLXXVI,0,0,0,0,0,0,0
1605,12,SANTI PARVA,CLXXVII,0,0,0,0,0,0,0
1606,12,SANTI PARVA,CLXXVIII,0,0,0,0,0,0,0
1607,12,SANTI PARVA,CLXXIX,0,0,0,0,0,0,0
1608,12,SANTI PARVA,CLXXX,0,0,0,0,0,0,0
1609,12,SANTI PARVA,CLXXXI,0,0,0,0,0,0,0
1610,12,SANTI PARVA,CLXXXII,0,0,0,0,0,0,0
1611,12,SANTI PARVA,CLXXXIII,0,0,0,0,0,0,0
1612,12,SANTI PARVA,CLXXXIV,0,0,0,0,0,0,0
1613,12,SANTI PARVA,CLXXXV,0,0,0,0,0,0,0
1614,12,SANTI PARVA,CLXXXVI,0,0,0,0,0,0,0
1615,12,SANTI PARVA,CLXXXVII,0,0,0,0,0,0,0
1616,12,SANTI PARVA,CLXXXVIII,0,0,0,0,0,0,0
1617,12,SANTI PARVA,CLXXXIX,0,0,0,0,0,0,0
1618,12,SANTI PARVA,CXC,0,0,0,0,0,0,0
1619,12,SANTI PARVA,CXCI,0,0,0,0,0,0,0
1620,12,SANTI PARVA,CXCII,0,0,0,0,0,0,0
1621,12,SANTI PARVA,CXCIII,0,0,0,0,0,0,0
1622,12,SANTI PARVA,CXCIV,0,0,0,0,0,0,0
1623,12,SANTI PARVA,CXCV,0,0,0,0,0,0,0
1624,12,SANTI PARVA,CXCVI,0,0,0,0,0,0,0
1625,12,SANTI PARVA,CXCVII,0,0,0,0,0,0,0
1626,12,SANTI PARVA,CXCVIII,0,0,0,0,0,0,0
1627,12,SANTI PARVA,CXCIX,0,0,0,0,0,0,0
1628,12,SANTI PARVA,CC,0,0,0,0,0,0,0
1629,12,SANTI PARVA,CCI,0,0,0,0,0,0,0
1630,12,SANTI PARVA,CCII,0,0,0,0,0,0,0
1631,12,SANTI PARVA,CCIII,0,0,0,0,0,0,0
1632,12,SANTI PARVA,CCIV,0,0,0,0,0,0,0
1633,12,SANTI PARVA,CCV,0,0,0,0,0,0,0
1634,12,SANTI PARVA,CCVI,0,0,0,0,0,0,0
1635,12,SANTI PARVA,CCVII,0,0,0,0,0,0,0
1636,12,SANTI PARVA,CCVIII,0,0,0,0,0,0,0
1637,12,SANTI PARVA,CCIX,0,0,0,0,0,0,0
1638,12,SANTI PARVA,CCX,0,0,0,0,0,0,0
1639,12,SANTI PARVA,CCXI,0,0,0,0,0,0,0
1640,12,SANTI PARVA,CCXII,0,0,0,0,0,0,0
1641,12,SANTI PARVA,CCXIII,0,0,0,0,0,0,0
1642,12,SANTI PARVA,CCXIV,0,0,0,0,0,0,0
1643,12,SANTI PARVA,CCXV,0,0,0,0,0,0,0
1644,12,SANTI PARVA,CCXVI,0,0,0,0,0,0,0
1645,12,SANTI PARVA,CCXVII,0,0,0,0,0,0,0
1646,12,SANTI PARVA,CCXVIII,0,0,0,0,0,0,0
1647,12,SANTI PARVA,CCXIX,0,0,0,0,0,0,0
1648,12,SANTI PARVA,CCXX,0,0,0,0,0,0,0
1649,12,SANTI PARVA,CCXXI,0,0,0,0,0,0,0
1650,12,SANTI PARVA,CCXXII,0,0,0,0,0,0,0
1651,12,SANTI PARVA,CCXXIII,0,0,0,0,0,0,0
1652,12,SANTI PARVA,CCXXIV,0,0,0,0,0,0,0
1653,12,SANTI PARVA,CCXXV,0,0,0,0,0,0,0
1654,12,SANTI PARVA,CCXXVI,0,0,0,0,0,0,0
1655,12,SANTI PARVA,CCXXVII,0,0,0,0,2,0,2
1656,12,SANTI PARVA,CCXXVIII,0,0,0,0,0,0,0
1657,12,SANTI PARVA,CCXXIX,0,0,0,0,0,0,0
1658,12,SANTI PARVA,CCXXX,0,0,0,0,0,0,0
1659,12,SANTI PARVA,CCXXXI,0,0,0,0,0,0,0
1660,12,SANTI PARVA,CCXXXII,0,0,0,0,0,0,0
1661,12,SANTI PARVA,CCXXXIII,0,0,0,0,0,0,0
1662,12,SANTI PARVA,CCXXXIV,0,0,0,0,1,0,1
1663,12,SANTI PARVA,CCXXXV,0,0,0,0,0,0,0
1664,12,SANTI PARVA,CCXXXVI,0,0,0,0,0,0,0
1665,12,SANTI PARVA,CCXXXVII,0,0,0,0,0,0,0
1666,12,SANTI PARVA,CCXXXVIII,0,0,0,0,0,0,0
1667,12,SANTI PARVA,CCXXXIX,0,0,0,0,0,0,0
1668,12,SANTI PARVA,CCXL,0,0,0,0,0,0,0
1669,12,SANTI PARVA,CCXLI,0,0,0,0,0,0,0
1670,12,SANTI PARVA,CCXLII,0,0,0,0,0,0,0
1671,12,SANTI PARVA,CCXLIII,0,0,0,0,0,0,0
1672,12,SANTI PARVA,CCXLIV,0,0,0,0,0,0,0
1673,12,SANTI PARVA,CCXLV,0,0,0,0,0,0,0
1674,12,SANTI PARVA,CCXLVI,0,0,0,0,0,0,0
1675,12,SANTI PARVA,CCXLVII,0,0,0,0,0,0,0
1676,12,SANTI PARVA,CCXLVIII,0,0,0,0,0,0,0
1677,12,SANTI PARVA,CCXLIX,0,0,0,0,0,0,0
1678,12,SANTI PARVA,CCL,0,0,0,0,0,0,0
1679,12,SANTI PARVA,CCLI,0,0,0,0,0,0,0
1680,12,SANTI PARVA,CCLII,0,0,0,0,0,0,0
1681,12,SANTI PARVA,CCLIII,0,0,0,0,0,0,0
1682,12,SANTI PARVA,CCLIV,0,0,0,0,0,0,0
1683,12,SANTI PARVA,CCLV,0,0,0,0,0,0,0
1684,12,SANTI PARVA,CCLVI,0,0,0,0,0,0,0
1685,12,SANTI PARVA,CCLVII,0,0,0,0,0,0,0
1686,12,SANTI PARVA,CCLVIII,0,0,0,0,0,0,0
1687,12,SANTI PARVA,CCLIX,0,0,0,0,0,0,0
1688,12,SANTI PARVA,CCLX,0,0,0,0,0,0,0
1689,12,SANTI PARVA,CCLXI,0,0,0,0,0,0,0
1690,12,SANTI PARVA,CCLXII,0,0,0,0,0,0,0
1691,12,SANTI PARVA,CCLXIII,0,0,0,0,0,0,0
1692,12,SANTI PARVA,CCLXIV,0,0,0,0,0,0,0
1693,12,SANTI PARVA,CCLXV,0,0,0,0,0,0,0
1694,12,SANTI PARVA,CCLXVI,0,0,0,0,0,0,0
1695,12,SANTI PARVA,CCLXVII,0,0,0,0,0,0,0
1696,12,SANTI PARVA,CCLXVIII,0,0,0,0,0,0,0
1697,12,SANTI PARVA,CCLXIX,0,0,0,0,0,0,0
1698,12,SANTI PARVA,CCLXX,0,0,0,0,0,0,0
1699,12,SANTI PARVA,CCLXXI,0,0,0,0,0,0,0
1700,12,SANTI PARVA,CCLXXII,0,0,0,0,0,0,0
1701,12,SANTI PARVA,CCLXXIII,0,0,0,0,0,0,0
1702,12,SANTI PARVA,CCLXXIV,0,0,0,0,0,0,0
1703,12,SANTI PARVA,CCLXXV,0,0,0,0,0,0,0
1704,12,SANTI PARVA,CCLXXVI,0,0,0,0,0,0,0
1705,12,SANTI PARVA,CCLXXVII,0,0,0,0,0,0,0
1706,12,SANTI PARVA,CCLXXVIII,0,0,0,0,0,0,0
1707,12,SANTI PARVA,CCLXXIX,0,0,0,0,0,0,0
1708,12,SANTI PARVA,CCLXXX,0,0,0,0,0,0,0
1709,12,SANTI PARVA,CCLXXXI,0,0,0,0,0,0,0
1710,12,SANTI PARVA,CCLXXXII,0,0,0,0,0,0,0
1711,12,SANTI PARVA,CCLXXXIII,0,0,0,0,0,0,0
1712,12,SANTI PARVA,CCLXXXIV,0,0,0,0,0,0,0
1713,12,SANTI PARVA,CCLXXXV,0,0,0,0,0,0,0
1714,12,SANTI PARVA,CCLXXXVI,0,0,0,0,0,0,0
1715,12,SANTI PARVA,CCLXXXVII,0,0,0,0,0,0,0
1716,12,SANTI PARVA,CCLXXXVIII,0,0,0,0,0,0,0
1717,12,SANTI PARVA,CCLXXXIX,0,0,0,0,0,0,0
1718,12,SANTI PARVA,CCXC,0,0,0,0,0,0,0
1719,12,SANTI PARVA,CCXCI,0,0,0,0,0,0,0
1720,12,SANTI PARVA,CCXCII,0,0,0,0,0,0,0
1721,12,SANTI PARVA,CCXCIII,0,0,0,0,0,0,0
1722,12,SANTI PARVA,CCXCIV,0,0,0,0,0,0,0
1723,12,SANTI PARVA,CCXCV,0,0,0,0,0,0,0
1724,12,SANTI PARVA,CCXCVI,0,0,0,0,0,0,0
1725,12,SANTI PARVA,CCXCVII,0,0,0,0,0,0,0
1726,12,SANTI PARVA,CCXCVIII,0,0,0,0,0,0,0
1727,12,SANTI PARVA,CCXCIX,0,0,0,0,0,0,0
1728,12,SANTI PARVA,CCC,0,0,0,0,0,0,0
1729,12,SANTI PARVA,CCCI,0,0,0,0,0,0,0
1730,12,SANTI PARVA,CCCII,0,0,0,0,0,0,0
1731,12,SANTI PARVA,CCCIII,0,0,0,0,0,0,0
1732,12,SANTI PARVA,CCCIV,0,0,0,0,0,0,0
1733,12,SANTI PARVA,CCCV,0,0,0,0,0,0,0
1734,12,SANTI PARVA,CCCVI,0,0,0,0,0,0,0
1735,12,SANTI PARVA,CCCVII,0,0,0,0,0,0,0
1736,12,SANTI PARVA,CCCVIII,0,0,0,0,0,0,0
1737,12,SANTI PARVA,CCCIX,0,0,0,0,0,0,0
1738,12,SANTI PARVA,CCCX,0,0,0,0,0,0,0
1739,12,SANTI PARVA,CCCXI,0,0,0,0,0,0,0
1740,12,SANTI PARVA,CCCXII,0,0,0,0,0,0,0
1741,12,SANTI PARVA,CCCXIII,0,0,0,0,0,0,0
1742,12,SANTI PARVA,CCCXIV,0,0,0,0,0,0,0
1743,12,SANTI PARVA,CCCXV,0,0,0,0,0,0,0
1744,12,SANTI PARVA,CCCXVI,0,0,0,0,0,0,0
1745,12,SANTI PARVA,CCCXVII,0,0,0,0,0,0,0
1746,12,SANTI PARVA,CCCXVIII,0,0,0,0,0,0,0
1747,12,SANTI PARVA,CCCXIX,0,0,0,0,0,0,0
1748,12,SANTI PARVA,CCCXX,0,0,0,0,0,0,0
1749,12,SANTI PARVA,CCCXXI,0,0,0,0,0,0,0
1750,12,SANTI PARVA,CCCXXII,0,0,0,0,0,0,0
1751,12,SANTI PARVA,CCCXXIII,0,0,0,0,0,0,0
1752,12,SANTI PARVA,CCCXXIV,0,0,0,0,0,0,0
1753,12,SANTI PARVA,CCCXXV,0,0,0,0,0,0,0
1754,12,SANTI PARVA,CCCXXVI,0,0,0,0,0,0,0
1755,12,SANTI PARVA,CCCXXVII,0,0,0,0,0,0,0
1756,12,SANTI PARVA,CCCXXVIII,0,0,0,0,0,0,0
1757,12,SANTI PARVA,CCCXXIX,0,0,0,0,0,0,0
1758,12,SANTI PARVA,CCCXXX,0,0,0,0,0,0,0
1759,12,SANTI PARVA,CCCXXXI,0,0,0,0,0,0,0
1760,12,SANTI PARVA,CCCXXXII,0,0,0,0,0,0,0
1761,12,SANTI PARVA,CCCXXXIII,0,0,0,0,0,0,0
1762,12,SANTI PARVA,CCCXXXIV,0,0,0,0,0,0,0
1763,12,SANTI PARVA,CCCXXXV,0,0,0,0,0,0,0
1764,12,SANTI PARVA,CCCXXXVI,0,0,0,0,0,0,0
1765,12,SANTI PARVA,CCCXXXVII,0,0,0,0,0,0,0
1766,12,SANTI PARVA,CCCXXXVIII,0,0,0,0,0,0,0
1767,12,SANTI PARVA,CCCXXXIX,0,0,0,0,0,0,0
1768,12,SANTI PARVA,CCCXL,0,0,0,0,0,0,0
1769,12,SANTI PARVA,CCCXLI,0,0,0,0,0,0,0
1770,12,SANTI PARVA,CCCXLII,0,0,0,0,0,0,0
1771,12,SANTI PARVA,CCCXLIII,0,0,0,0,4,0,4
1772,12,SANTI PARVA,CCCXLIV,0,0,0,0,0,0,0
1773,12,SANTI PARVA,CCCXLV,0,0,0,0,0,0,0
1774,12,SANTI PARVA,CCCXLVI,0,0,0,0,3,0,3
1775,12,SANTI PARVA,CCCXLVII,0,0,0,0,0,0,0
1776,12,SANTI PARVA,CCCXLVIII,0,0,0,0,0,0,0
1777,12,SANTI PARVA,CCCXLIX,0,0,0,0,0,0,0
1778,12,SANTI PARVA,CCCL,0,0,0,0,0,0,0
1779,12,SANTI PARVA,CCCLI,0,0,0,0,0,0,0
1780,12,SANTI PARVA,CCCLII,0,0,0,0,0,0,0
1781,12,SANTI PARVA,CCCLIII,0,0,0,0,0,0,0
1782,12,SANTI PARVA,CCCLIV,0,0,0,0,0,0,0
1783,12,SANTI PARVA,CCCLV,0,0,0,0,0,0,0
1784,12,SANTI PARVA,CCCLVI,0,0,0,0,0,0,0
1785,12,SANTI PARVA,CCCLVII,0,0,0,0,0,0,0
1786,12,SANTI PARVA,CCCLVIII,0,0,0,0,0,0,0
1787,12,SANTI PARVA,CCCLIX,0,0,0,0,0,0,0
1788,12,SANTI PARVA,CCCLX,0,0,0,0,0,0,0
1789,12,SANTI PARVA,CCCLXI,0,0,0,0,0,0,0
1790,12,SANTI PARVA,CCCLXII,0,0,0,0,0,0,0
1791,12,SANTI PARVA,CCCLXIII,0,0,0,0,0,0,0
1792,12,SANTI PARVA,CCCLXV,0,3,0,0,4,0,7
1793,13,ANUSASANA PARVA,I,0,0,0,0,0,0,0
1794,13,ANUSASANA PARVA,II,0,0,0,0,0,0,0
1795,13,ANUSASANA PARVA,III,0,0,0,0,0,0,0
1796,13,ANUSASANA PARVA,IV,0,0,0,0,0,0,0
1797,13,ANUSASANA PARVA,V,0,0,0,0,0,0,0
1798,13,ANUSASANA PARVA,VI,0,0,0,0,0,0,0
1799,13,ANUSASANA PARVA,VII,0,0,0,0,0,0,0
1800,13,ANUSASANA PARVA,VIII,0,0,0,0,0,0,0
1801,13,ANUSASANA PARVA,IX,0,0,0,0,0,0,0
1802,13,ANUSASANA PARVA,X,0,0,0,0,0,0,0
1803,13,ANUSASANA PARVA,XI,0,0,0,0,0,0,0
1804,13,ANUSASANA PARVA,XII,0,0,0,0,0,0,0
1805,13,ANUSASANA PARVA,XIII,0,0,0,0,0,0,0
1806,13,ANUSASANA PARVA,XIV,0,0,0,0,0,0,0
1807,13,ANUSASANA PARVA,XV,0,0,0,0,0,0,0
1808,13,ANUSASANA PARVA,XVI,0,0,0,0,0,0,0
1809,13,ANUSASANA PARVA,XVII,0,0,0,0,0,0,0
1810,13,ANUSASANA PARVA,XVIII,0,0,0,0,0,0,0
1811,13,ANUSASANA PARVA,XIX,0,0,0,0,0,0,0
1812,13,ANUSASANA PARVA,XX,0,0,0,0,0,0,0
1813,13,ANUSASANA PARVA,XXI,0,0,0,0,0,0,0
1814,13,ANUSASANA PARVA,XXII,0,0,0,0,0,0,0
1815,13,ANUSASANA PARVA,XXIII,0,0,0,0,0,0,0
1816,13,ANUSASANA PARVA,XXIV,0,0,0,0,0,0,0
1817,13,ANUSASANA PARVA,XXV,0,0,0,0,0,0,0
1818,13,ANUSASANA PARVA,XXVI,0,0,0,0,0,0,0
1819,13,ANUSASANA PARVA,XXVII,0,0,0,0,0,0,0
1820,13,ANUSASANA PARVA,XXVIII,0,0,0,0,0,0,0
1821,13,ANUSASANA PARVA,XXIX,0,0,0,0,0,0,0
1822,13,ANUSASANA PARVA,XXX,0,0,0,0,0,0,0
1823,13,ANUSASANA PARVA,XXXI,0,0,0,0,0,0,0
1824,13,ANUSASANA PARVA,XXXII,0,0,0,0,3,0,3
1825,13,ANUSASANA PARVA,XXXIII,0,0,0,0,0,0,0
1826,13,ANUSASANA PARVA,XXXIV,0,0,0,0,0,0,0
1827,13,ANUSASANA PARVA,XXXV,0,0,0,0,0,0,0
1828,13,ANUSASANA PARVA,XXXVI,0,0,0,0,0,0,0
1829,13,ANUSASANA PARVA,XXXVII,0,0,0,0,0,0,0
1830,13,ANUSASANA PARVA,XXXVIII,0,0,0,0,0,0,0
1831,13,ANUSASANA PARVA,XXXIX,0,0,0,0,0,0,0
1832,13,ANUSASANA PARVA,XL,0,0,0,0,0,0,0
1833,13,ANUSASANA PARVA,XLI,0,0,0,0,0,0,0
1834,13,ANUSASANA PARVA,XLII,0,0,0,0,0,0,0
1835,13,ANUSASANA PARVA,XLIII,0,0,0,0,0,0,0
1836,13,ANUSASANA PARVA,XLIV,0,0,0,0,0,0,0
1837,13,ANUSASANA PARVA,XLV,0,0,0,0,0,0,0
1838,13,ANUSASANA PARVA,XLVI,0,0,0,0,0,0,0
1839,13,ANUSASANA PARVA,XLVII,0,0,0,0,0,0,0
1840,13,ANUSASANA PARVA,XLVIII,0,0,0,0,0,0,0
1841,13,ANUSASANA PARVA,XLIX,0,0,0,0,0,0,0
1842,13,ANUSASANA PARVA,L,0,0,0,0,0,0,0
1843,13,ANUSASANA PARVA,LI,0,0,0,0,0,0,0
1844,13,ANUSASANA PARVA,LII,0,0,0,0,0,0,0
1845,13,ANUSASANA PARVA,LIII,0,0,0,0,0,0,0
1846,13,ANUSASANA PARVA,LIV,0,0,0,0,0,0,0
1847,13,ANUSASANA PARVA,LV,0,0,0,0,0,0,0
1848,13,ANUSASANA PARVA,LVI,0,0,0,0,0,0,0
1849,13,ANUSASANA PARVA,LVII,0,0,0,0,0,0,0
1850,13,ANUSASANA PARVA,LVIII,0,0,0,0,0,0,0
1851,13,ANUSASANA PARVA,LIX,0,0,0,0,0,0,0
1852,13,ANUSASANA PARVA,LX,0,0,0,0,0,0,0
1853,13,ANUSASANA PARVA,LXI,0,0,0,0,0,0,0
1854,13,ANUSASANA PARVA,LXII,0,0,0,0,0,0,0
1855,13,ANUSASANA PARVA,LXIII,0,0,0,0,0,0,0
1856,13,ANUSASANA PARVA,LXIV,0,0,0,0,0,0,0
1857,13,ANUSASANA PARVA,LXV,0,0,0,0,0,0,0
1858,13,ANUSASANA PARVA,LXVI,0,0,0,0,1,0,1
1859,13,ANUSASANA PARVA,LXVII,0,0,0,0,0,0,0
1860,13,ANUSASANA PARVA,LXVIII,0,0,0,0,0,0,0
1861,13,ANUSASANA PARVA,LXIX,0,0,0,0,0,0,0
1862,13,ANUSASANA PARVA,LXX,0,0,0,0,0,0,0
1863,13,ANUSASANA PARVA,LXXI,0,0,0,0,0,0,0
1864,13,ANUSASANA PARVA,LXXII,0,0,0,0,0,0,0
1865,13,ANUSASANA PARVA,LXXIII,0,0,0,0,0,0,0
1866,13,ANUSASANA PARVA,LXXIV,0,0,0,0,0,0,0
1867,13,ANUSASANA PARVA,LXXV,0,0,0,0,0,0,0
1868,13,ANUSASANA PARVA,LXXVI,0,0,0,0,0,0,0
1869,13,ANUSASANA PARVA,LXXVII,0,0,0,0,0,0,0
1870,13,ANUSASANA PARVA,LXXVIII,0,0,0,0,0,0,0
1871,13,ANUSASANA PARVA,LXXIX,0,0,0,0,0,0,0
1872,13,ANUSASANA PARVA,LXXX,0,0,0,0,0,0,0
1873,13,ANUSASANA PARVA,LXXXI,0,0,0,0,0,0,0
1874,13,ANUSASANA PARVA,LXXXII,0,0,0,0,0,0,0
1875,13,ANUSASANA PARVA,LXXXIII,0,0,0,0,0,0,0
1876,13,ANUSASANA PARVA,LXXXIV,0,0,0,0,0,0,0
1877,13,ANUSASANA PARVA,LXXXV,0,0,0,0,0,0,0
1878,13,ANUSASANA PARVA,LXXXVI,0,0,0,0,0,0,0
1879,13,ANUSASANA PARVA,LXXXVII,0,0,0,0,0,0,0
1880,13,ANUSASANA PARVA,LXXXVIII,0,0,0,0,0,0,0
1881,13,ANUSASANA PARVA,LXXXIX,0,0,0,0,0,0,0
1882,13,ANUSASANA PARVA,XC,0,0,0,0,0,0,0
1883,13,ANUSASANA PARVA,XCI,0,0,0,0,0,0,0
1884,13,ANUSASANA PARVA,XCII,0,0,0,0,0,0,0
1885,13,ANUSASANA PARVA,XCIII,0,0,0,0,11,0,11
1886,13,ANUSASANA PARVA,XCIV,0,0,0,0,0,0,0
1887,13,ANUSASANA PARVA,XCV,0,0,0,0,0,0,0
1888,13,ANUSASANA PARVA,XCVI,0,0,0,0,0,0,0
1889,13,ANUSASANA PARVA,XCVII,0,0,0,0,0,0,0
1890,13,ANUSASANA PARVA,XCVIII,0,0,0,0,0,0,0
1891,13,ANUSASANA PARVA,XCIX,0,0,0,0,0,0,0
1892,13,ANUSASANA PARVA,C,0,0,0,0,0,0,0
1893,13,ANUSASANA PARVA,CI,0,0,0,0,0,0,0
1894,13,ANUSASANA PARVA,CII,0,0,0,0,0,0,0
1895,13,ANUSASANA PARVA,CIII,0,0,0,0,0,0,0
1896,13,ANUSASANA PARVA,CIV,0,0,0,0,0,0,0
1897,13,ANUSASANA PARVA,CV,0,0,0,0,0,0,0
1898,13,ANUSASANA PARVA,CVI,0,0,0,0,0,0,0
1899,13,ANUSASANA PARVA,CVII,0,0,0,0,0,0,0
1900,13,ANUSASANA PARVA,CVIII,0,0,0,0,0,0,0
1901,13,ANUSASANA PARVA,CIX,0,0,0,0,0,0,0
1902,13,ANUSASANA PARVA,CX,0,0,0,0,0,0,0
1903,13,ANUSASANA PARVA,CXI,0,0,0,0,0,0,0
1904,13,ANUSASANA PARVA,CXII,0,0,0,0,0,0,0
1905,13,ANUSASANA PARVA,CXIII,0,0,0,0,0,0,0
1906,13,ANUSASANA PARVA,CXIV,0,0,0,0,0,0,0
1907,13,ANUSASANA PARVA,CXV,0,0,0,0,0,0,0
1908,13,ANUSASANA PARVA,CXVI,0,0,0,0,0,0,0
1909,13,ANUSASANA PARVA,CXVII,0,0,0,0,0,0,0
1910,13,ANUSASANA PARVA,CXVIII,0,0,0,0,0,0,0
1911,13,ANUSASANA PARVA,CXIX,0,0,0,0,0,0,0
1912,13,ANUSASANA PARVA,CXX,0,0,0,0,0,0,0
1913,13,ANUSASANA PARVA,CXXI,0,0,0,0,0,0,0
1914,13,ANUSASANA PARVA,CXXII,0,0,0,0,0,0,0
1915,13,ANUSASANA PARVA,CXXIII,0,0,0,0,0,0,0
1916,13,ANUSASANA PARVA,CXXIV,0,0,0,0,0,0,0
1917,13,ANUSASANA PARVA,CXXV,0,0,0,0,0,0,0
1918,13,ANUSASANA PARVA,CXXVI,0,0,0,0,0,0,0
1919,13,ANUSASANA PARVA,CXXVII,0,0,0,0,0,0,0
1920,13,ANUSASANA PARVA,CXXVIII,0,0,0,0,0,0,0
1921,13,ANUSASANA PARVA,CXXIX,0,0,0,0,0,0,0
1922,13,ANUSASANA PARVA,CXXX,0,0,0,0,0,0,0
1923,13,ANUSASANA PARVA,CXXXI,0,0,0,0,0,0,0
1924,13,ANUSASANA PARVA,CXXXII,0,0,0,0,0,0,0
1925,13,ANUSASANA PARVA,CXXXIII,0,0,0,0,0,0,0
1926,13,ANUSASANA PARVA,CXXXIV,0,0,0,0,0,0,0
1927,13,ANUSASANA PARVA,CXXXV,0,0,0,0,0,0,0
1928,13,ANUSASANA PARVA,CXXXVI,0,0,0,0,0,0,0
1929,13,ANUSASANA PARVA,CXXXVII,0,0,0,0,1,0,1
1930,13,ANUSASANA PARVA,CXXXVIII,0,0,0,0,0,0,0
1931,13,ANUSASANA PARVA,CXXXIX,0,0,0,0,0,0,0
1932,13,ANUSASANA PARVA,CXL,0,0,0,0,0,0,0
1933,13,ANUSASANA PARVA,CXLI,0,0,0,0,0,0,0
1934,13,ANUSASANA PARVA,CXLII,0,0,0,0,0,0,0
1935,13,ANUSASANA PARVA,CXLIII,0,0,0,0,0,0,0
1936,13,ANUSASANA PARVA,CXLIV,0,0,0,0,0,0,0
1937,13,ANUSASANA PARVA,CXLV,0,0,0,0,0,0,0
1938,13,ANUSASANA PARVA,CXLVI,0,0,0,0,0,0,0
1939,13,ANUSASANA PARVA,CXLVII,0,0,0,0,0,0,0
1940,13,ANUSASANA PARVA,CXLVIII,0,1,0,0,0,0,1
1941,13,ANUSASANA PARVA,CXLIX,0,0,0,0,0,0,0
1942,13,ANUSASANA PARVA,CL,0,0,0,0,1,0,1
1943,13,ANUSASANA PARVA,CLI,0,0,0,0,0,0,0
1944,13,ANUSASANA PARVA,CLII,0,0,0,0,0,0,0
1945,13,ANUSASANA PARVA,CLIII,0,0,0,0,0,0,0
1946,13,ANUSASANA PARVA,CLIV,0,0,0,0,0,0,0
1947,13,ANUSASANA PARVA,CLV,0,0,0,0,0,0,0
1948,13,ANUSASANA PARVA,CLVI,0,0,0,0,0,0,0
1949,13,ANUSASANA PARVA,CLVII,0,0,0,0,0,0,0
1950,13,ANUSASANA PARVA,CLVIII,0,0,0,0,0,0,0
1951,13,ANUSASANA PARVA,CLIX,0,0,0,0,0,0,0
1952,13,ANUSASANA PARVA,CLX,0,0,0,0,0,0,0
1953,13,ANUSASANA PARVA,CLXI,0,0,0,0,0,0,0
1954,13,ANUSASANA PARVA,CLXII,0,0,0,0,0,0,0
1955,13,ANUSASANA PARVA,CLXVIII,0,0,0,0,0,0,0
1956,13,ANUSASANA PARVA,CLXIV,0,0,0,0,0,0,0
1957,13,ANUSASANA PARVA,CLXV,0,0,0,0,0,0,0
1958,13,ANUSASANA PARVA,CLXVI,0,0,0,0,0,0,0
1959,13,ANUSASANA PARVA,CLXVII,0,0,0,0,0,0,0
1960,13,ANUSASANA PARVA,CLXVIII,0,0,0,0,4,0,4
1961,14,ASWAMEDHA PARVA,I,0,1,0,0,0,0,1
1962,14,ASWAMEDHA PARVA,II,0,1,0,0,0,0,1
1963,14,ASWAMEDHA PARVA,III,0,0,0,0,0,0,0
1964,14,ASWAMEDHA PARVA,IV,0,0,0,0,0,0,0
1965,14,ASWAMEDHA PARVA,V,0,0,0,0,0,0,0
1966,14,ASWAMEDHA PARVA,VI,0,0,0,0,0,0,0
1967,14,ASWAMEDHA PARVA,VII,0,0,0,0,0,0,0
1968,14,ASWAMEDHA PARVA,VIII,0,0,0,0,2,0,2
1969,14,ASWAMEDHA PARVA,IX,0,0,0,0,0,0,0
1970,14,ASWAMEDHA PARVA,V,0,0,0,0,0,0,0
1971,14,ASWAMEDHA PARVA,XI,0,0,0,0,0,0,0
1972,14,ASWAMEDHA PARVA,XII,0,0,0,0,0,0,0
1973,14,ASWAMEDHA PARVA,XIII,0,0,0,0,0,0,0
1974,14,ASWAMEDHA PARVA,XIV,0,1,0,0,0,0,1
1975,14,ASWAMEDHA PARVA,XV,0,0,0,0,0,0,0
1976,14,ASWAMEDHA PARVA,XVI,0,0,0,0,0,0,0
1977,14,ASWAMEDHA PARVA,XVII,0,0,0,0,0,0,0
1978,14,ASWAMEDHA PARVA,XVIII,0,0,0,0,0,0,0
1979,14,ASWAMEDHA PARVA,XIX,0,0,0,0,0,0,0
1980,14,ASWAMEDHA PARVA,XX,0,0,0,0,0,0,0
1981,14,ASWAMEDHA PARVA,XXI,0,0,0,0,0,0,0
1982,14,ASWAMEDHA PARVA,XXII,0,0,0,0,0,0,0
1983,14,ASWAMEDHA PARVA,XXIII,0,0,0,0,0,0,0
1984,14,ASWAMEDHA PARVA,XXIV,0,0,0,0,0,0,0
1985,14,ASWAMEDHA PARVA,XXV,0,0,0,0,0,0,0
1986,14,ASWAMEDHA PARVA,XXVI,0,0,0,0,0,0,0
1987,14,ASWAMEDHA PARVA,XXVII,0,0,0,0,0,0,0
1988,14,ASWAMEDHA PARVA,XXVIII,0,0,0,0,0,0,0
1989,14,ASWAMEDHA PARVA,XXIX,0,0,0,0,2,0,2
1990,14,ASWAMEDHA PARVA,XXX,0,0,0,0,0,0,0
1991,14,ASWAMEDHA PARVA,XXXI,0,0,0,0,0,0,0
1992,14,ASWAMEDHA PARVA,XXXII,0,0,0,0,0,0,0
1993,14,ASWAMEDHA PARVA,XXXIII,0,0,0,0,0,0,0
1994,14,ASWAMEDHA PARVA,XXXIV,0,0,0,0,0,0,0
1995,14,ASWAMEDHA PARVA,XXXV,0,0,0,0,0,0,0
1996,14,ASWAMEDHA PARVA,XXXVI,0,0,0,0,0,0,0
1997,14,ASWAMEDHA PARVA,XXXVII,0,0,0,0,0,0,0
1998,14,ASWAMEDHA PARVA,XXXVIII,0,0,0,0,0,0,0
1999,14,ASWAMEDHA PARVA,XXXIX,0,0,0,0,0,0,0
2000,14,ASWAMEDHA PARVA,XL,0,0,0,0,0,0,0
2001,14,ASWAMEDHA PARVA,XLI,0,0,0,0,0,0,0
2002,14,ASWAMEDHA PARVA,XLII,0,0,0,0,0,0,0
2003,14,ASWAMEDHA PARVA,XLIII,0,0,0,0,0,0,0
2004,14,ASWAMEDHA PARVA,XLIV,0,0,0,0,0,0,0
2005,14,ASWAMEDHA PARVA,XLV,0,0,0,0,0,0,0
2006,14,ASWAMEDHA PARVA,XLVI,0,0,0,0,0,0,0
2007,14,ASWAMEDHA PARVA,XLVII,0,0,0,0,0,0,0
2008,14,ASWAMEDHA PARVA,XLVIII,0,0,0,0,0,0,0
2009,14,ASWAMEDHA PARVA,XLIX,0,0,0,0,0,0,0
2010,14,ASWAMEDHA PARVA,L,0,0,0,0,0,0,0
2011,14,ASWAMEDHA PARVA,LI,0,0,0,0,0,0,0
2012,14,ASWAMEDHA PARVA,LII,0,1,0,0,0,0,1
2013,14,ASWAMEDHA PARVA,LIII,0,0,0,0,0,0,0
2014,14,ASWAMEDHA PARVA,LIV,0,0,0,0,0,0,0
2015,14,ASWAMEDHA PARVA,LV,0,0,0,0,0,0,0
2016,14,ASWAMEDHA PARVA,LVI,0,0,0,0,0,0,0
2017,14,ASWAMEDHA PARVA,LVII,0,0,0,0,0,0,0
2018,14,ASWAMEDHA PARVA,LVIII,0,0,0,0,0,0,0
2019,14,ASWAMEDHA PARVA,LIX,0,0,0,0,0,0,0
2020,14,ASWAMEDHA PARVA,LX,0,4,1,0,1,0,6
2021,14,ASWAMEDHA PARVA,LXI,0,4,0,0,0,0,4
2022,14,ASWAMEDHA PARVA,LXII,0,0,0,0,0,0,0
2023,14,ASWAMEDHA PARVA,LXIII,0,0,0,0,0,0,0
2024,14,ASWAMEDHA PARVA,LXIV,0,0,0,0,0,0,0
2025,14,ASWAMEDHA PARVA,LXV,0,0,0,0,0,0,0
2026,14,ASWAMEDHA PARVA,LXVI,0,0,0,0,0,0,0
2027,14,ASWAMEDHA PARVA,LXVII,0,0,0,0,0,0,0
2028,14,ASWAMEDHA PARVA,LXVIII,0,0,0,0,0,0,0
2029,14,ASWAMEDHA PARVA,LXIX,0,0,0,0,0,0,0
2030,14,ASWAMEDHA PARVA,LXX,0,0,0,0,0,0,0
2031,14,ASWAMEDHA PARVA,LXXI,0,0,0,0,0,0,0
2032,14,ASWAMEDHA PARVA,LXXII,0,0,0,0,0,0,0
2033,14,ASWAMEDHA PARVA,LXXIII,0,0,0,0,0,0,0
2034,14,ASWAMEDHA PARVA,LXXIV,0,0,0,0,0,0,0
2035,14,ASWAMEDHA PARVA,LXXV,0,0,0,0,0,0,0
2036,14,ASWAMEDHA PARVA,LXXVI,0,0,0,0,0,0,0
2037,14,ASWAMEDHA PARVA,LXXVII,0,0,0,0,0,0,0
2038,14,ASWAMEDHA PARVA,LXXVIII,0,0,0,0,0,0,0
2039,14,ASWAMEDHA PARVA,LXXIX,0,0,0,0,0,0,0
2040,14,ASWAMEDHA PARVA,LXXX,0,0,0,0,0,0,0
2041,14,ASWAMEDHA PARVA,LXXXI,0,0,0,0,0,0,0
2042,14,ASWAMEDHA PARVA,LXXXII,0,0,0,0,0,0,0
2043,14,ASWAMEDHA PARVA,LXXXIII,0,0,0,0,0,0,0
2044,14,ASWAMEDHA PARVA,LXXXIV,0,0,0,0,0,0,0
2045,14,ASWAMEDHA PARVA,LXXXV,0,0,0,0,0,0,0
2046,14,ASWAMEDHA PARVA,LXXXVI,0,0,0,0,0,0,0
2047,14,ASWAMEDHA PARVA,LXXXVII,0,0,0,0,0,0,0
2048,14,ASWAMEDHA PARVA,LXXXVIII,0,0,0,0,0,0,0
2049,14,ASWAMEDHA PARVA,LXXXIX,0,0,0,0,0,0,0
2050,14,ASWAMEDHA PARVA,XC,0,0,0,0,0,0,0
2051,14,ASWAMEDHA PARVA,XCI,0,0,0,0,0,0,0
2052,14,ASWAMEDHA PARVA,XCII,0,0,0,0,1,0,1
2053,15,ASRAMAVASIKA PARVA,I,0,0,0,0,0,0,0
2054,15,ASRAMAVASIKA PARVA,II,0,0,0,0,0,0,0
2055,15,ASRAMAVASIKA PARVA,III,0,1,0,0,0,0,1
2056,15,ASRAMAVASIKA PARVA,IV,0,0,0,0,0,0,0
2057,15,ASRAMAVASIKA PARVA,V,0,0,0,0,0,0,0
2058,15,ASRAMAVASIKA PARVA,VI,0,0,0,0,0,0,0
2059,15,ASRAMAVASIKA PARVA,VII,0,0,0,0,0,0,0
2060,15,ASRAMAVASIKA PARVA,VIII,0,0,0,0,0,0,0
2061,15,ASRAMAVASIKA PARVA,IX,0,0,0,0,0,0,0
2062,15,ASRAMAVASIKA PARVA,X,0,3,0,0,0,0,3
2063,15,ASRAMAVASIKA PARVA,XI,0,1,0,0,0,0,1
2064,15,ASRAMAVASIKA PARVA,XII,0,0,0,0,0,0,0
2065,15,ASRAMAVASIKA PARVA,XIII,0,0,0,0,0,0,0
2066,15,ASRAMAVASIKA PARVA,XIV,0,0,0,0,0,0,0
2067,15,ASRAMAVASIKA PARVA,XV,0,0,0,0,0,0,0
2068,15,ASRAMAVASIKA PARVA,XVI,0,1,0,0,0,0,1
2069,15,ASRAMAVASIKA PARVA,XVII,0,0,0,0,0,0,0
2070,15,ASRAMAVASIKA PARVA,XVIII,0,0,0,0,0,0,0
2071,15,ASRAMAVASIKA PARVA,XIX,0,0,0,0,0,0,0
2072,15,ASRAMAVASIKA PARVA,XX,0,0,0,0,0,0,0
2073,15,ASRAMAVASIKA PARVA,XXI,0,1,0,0,0,0,1
2074,15,ASRAMAVASIKA PARVA,XXII,0,0,0,0,0,0,0
2075,15,ASRAMAVASIKA PARVA,XXIII,0,0,0,0,0,0,0
2076,15,ASRAMAVASIKA PARVA,XXIV,0,0,0,0,0,0,0
2077,15,ASRAMAVASIKA PARVA,XXV,0,0,0,0,0,0,0
2078,15,ASRAMAVASIKA PARVA,XXVI,0,0,0,0,0,0,0
2079,15,ASRAMAVASIKA PARVA,XXVII,0,0,0,0,0,0,0
2080,15,ASRAMAVASIKA PARVA,XXVIII,0,0,0,0,0,0,0
2081,15,ASRAMAVASIKA PARVA,XXIX,0,0,0,0,0,0,0
2082,15,ASRAMAVASIKA PARVA,XXX,0,2,0,0,0,0,2
2083,15,ASRAMAVASIKA PARVA,XXXI.,0,2,0,0,0,0,2
2084,15,ASRAMAVASIKA PARVA,XXXII,0,1,0,0,2,0,3
2085,15,ASRAMAVASIKA PARVA,XXXIII,0,2,0,0,0,0,2
2086,15,ASRAMAVASIKA PARVA,XXXIV,0,0,0,0,0,0,0
2087,15,ASRAMAVASIKA PARVA,XXXV,0,0,0,0,0,0,0
2088,15,ASRAMAVASIKA PARVA,XXXVI,0,0,0,0,0,0,0
2089,15,ASRAMAVASIKA PARVA,XXXVII,0,0,1,0,0,0,1
2090,15,ASRAMAVASIKA PARVA,XXXVIII,0,0,0,0,0,0,0
2091,15,ASRAMAVASIKA PARVA,XXXIX,0,0,0,0,0,0,0
2092,16,MAUSALA-PARVA,1,0,0,0,0,0,0,0
2093,16,MAUSALA-PARVA,2,0,0,0,0,0,0,0
2094,16,MAUSALA-PARVA,3,0,0,0,0,0,0,0
2095,16,MAUSALA-PARVA,4,0,0,0,0,0,0,0
2096,16,MAUSALA-PARVA,5,0,0,0,0,0,0,0
2097,16,MAUSALA-PARVA,6,0,0,0,0,0,0,0
2098,16,MAUSALA-PARVA,7,0,0,0,0,0,0,0
2099,16,MAUSALA-PARVA,8,0,0,0,0,0,0,0
2100,17,MAHAPRASTHANIKA PARVA,1,0,0,0,0,0,0,0
2101,17,MAHAPRASTHANIKA PARVA,2,0,0,0,0,0,0,0
2102,17,MAHAPRASTHANIKA PARVA,3,0,0,0,0,0,0,0
2103,18,SVARGAROHANIKA-PARVA,1,0,1,0,0,0,0,1
2104,18,SVARGAROHANIKA-PARVA,2,0,5,0,0,0,0,5
2105,18,SVARGAROHANIKA-PARVA,3,0,2,0,0,0,0,2
2106,18,SVARGAROHANIKA-PARVA,4,0,1,0,0,0,0,1
2107,18,SVARGAROHANIKA-PARVA,5,0,2,0,0,0,0,2
2108,18,SVARGAROHANIKA-PARVA,6,0,1,0,0,0,0,1
