,Book,Book_no,POS,Section,lemma,sentence_num,stop,word,word_num
3302,ADI PARVA,1.0,ADJ,I,fair,76.0,0.0,fair,86.0
8095,ADI PARVA,1.0,ADJ,I,same,183.0,1.0,same,29.0
8325,ADI PARVA,1.0,ADJ,I,brave,190.0,0.0,brave,10.0
8328,ADI PARVA,1.0,ADJ,I,invincible,190.0,0.0,invincible,13.0
17461,ADI PARVA,1.0,ADJ,II,gratified,157.0,0.0,gratified,35.0
18512,ADI PARVA,1.0,ADJ,II,same,181.0,1.0,same,57.0
19507,ADI PARVA,1.0,ADJ,II,wonderful,208.0,0.0,wonderful,6.0
19556,ADI PARVA,1.0,ADJ,II,other,211.0,1.0,other,9.0
19562,ADI PARVA,1.0,ADJ,II,harsh,211.0,0.0,harsh,15.0
19630,ADI PARVA,1.0,ADJ,II,single,211.0,0.0,single,83.0
19701,ADI PARVA,1.0,ADJ,II,great,213.0,0.0,great,5.0
19704,ADI PARVA,1.0,ADJ,II,single,213.0,0.0,single,8.0
87712,ADI PARVA,1.0,ADJ,LXI,former,10.0,1.0,former,15.0
175947,ADI PARVA,1.0,ADJ,CXI,heroic,28.0,0.0,heroic,6.0
175951,ADI PARVA,1.0,ADJ,CXI,first,28.0,1.0,first,10.0
176282,ADI PARVA,1.0,ADJ,CXI,natural,36.0,0.0,natural,40.0
176291,ADI PARVA,1.0,ADJ,CXI,natural,37.0,0.0,natural,7.0
176332,ADI PARVA,1.0,ADJ,CXI,gratified,38.0,0.0,gratified,16.0
213822,ADI PARVA,1.0,ADJ,CXXXVIII,hostile,2.0,0.0,hostile,25.0
213884,ADI PARVA,1.0,ADJ,CXXXVIII,eyed,3.0,0.0,eyed,13.0
214239,ADI PARVA,1.0,ADJ,CXXXVIII,mighty,14.0,0.0,mighty,12.0
214482,ADI PARVA,1.0,ADJ,CXXXVIII,thine,24.0,0.0,thine,22.0
214626,ADI PARVA,1.0,ADJ,CXXXVIII,other,31.0,1.0,other,3.0
214763,ADI PARVA,1.0,ADJ,CXXXVIII,visible,34.0,0.0,visible,18.0
215225,ADI PARVA,1.0,ADJ,CXXXVIII,mighty,49.0,0.0,mighty,30.0
216083,ADI PARVA,1.0,ADJ,CXXXIX,intolerable,22.0,0.0,intolerable,20.0
216300,ADI PARVA,1.0,ADJ,CXXXIX,heroic,30.0,0.0,heroic,3.0
216540,ADI PARVA,1.0,ADJ,CXL,mighty,6.0,0.0,mighty,7.0
217093,ADI PARVA,1.0,ADJ,CXL,mighty,20.0,0.0,mighty,31.0
217096,ADI PARVA,1.0,ADJ,CXL,many,20.0,1.0,many,34.0
217097,ADI PARVA,1.0,ADJ,CXL,other,20.0,1.0,other,35.0
217098,ADI PARVA,1.0,ADJ,CXL,heroic,20.0,0.0,heroic,36.0
225724,ADI PARVA,1.0,ADJ,CXLIII,pensive,27.0,0.0,pensive,26.0
225726,ADI PARVA,1.0,ADJ,CXLIII,sad,27.0,0.0,sad,28.0
241997,ADI PARVA,1.0,ADJ,CLVII,fit,61.0,0.0,fit,12.0
282096,ADI PARVA,1.0,ADJ,CLXLII,furious,5.0,0.0,furious,11.0
282174,ADI PARVA,1.0,ADJ,CLXLII,great,8.0,0.0,great,5.0
282286,ADI PARVA,1.0,ADJ,CLXLII,fierce,11.0,0.0,fierce,13.0
282296,ADI PARVA,1.0,ADJ,CLXLII,faint,11.0,0.0,faint,23.0
282296,ADI PARVA,1.0,ADJ,CLXLII,faint,11.0,0.0,faint,23.0
282304,ADI PARVA,1.0,ADJ,CLXLII,great,12.0,0.0,greater,7.0
282473,ADI PARVA,1.0,ADJ,CLXLII,loud,21.0,0.0,loud,20.0
296672,ADI PARVA,1.0,ADJ,CCIII,hast,5.0,0.0,hast,45.0
297319,ADI PARVA,1.0,ADJ,CCIII,bad,29.0,0.0,bad,10.0
300409,ADI PARVA,1.0,ADJ,CCVII,good,7.0,0.0,good,15.0
405310,SABHA PARVA,2.0,ADJ,XLVII,great,17.0,0.0,great,26.0
428467,SABHA PARVA,2.0,ADJ,LXVI,glad,79.0,0.0,glad,47.0
444648,SABHA PARVA,2.0,ADJ,LXXVI,wicked,40.0,0.0,wicked,19.0
444688,SABHA PARVA,2.0,ADJ,LXXVI,malicious,42.0,0.0,malicious,20.0
444690,SABHA PARVA,2.0,ADJ,LXXVI,jealous,42.0,0.0,jealous,22.0
450288,SABHA PARVA,2.0,ADJ,LXXX,cruel,14.0,0.0,cruel,75.0
463411,VANA PARVA,3.0,ADJ,VII,beautiful,19.0,0.0,beautiful,11.0
474036,VANA PARVA,3.0,ADJ,XII,unmoved,154.0,0.0,unmoved,6.0
474045,VANA PARVA,3.0,ADJ,XII,incapable,155.0,0.0,incapable,8.0
506732,VANA PARVA,3.0,ADJ,XXXVI,mighty,15.0,0.0,mighty,19.0
507040,VANA PARVA,3.0,ADJ,XXXVI,mighty,25.0,0.0,mighty,10.0
507045,VANA PARVA,3.0,ADJ,XXXVI,impetuous,25.0,0.0,impetuous,15.0
516797,VANA PARVA,3.0,ADJ,XLI,fierce,25.0,0.0,fierce,78.0
526160,VANA PARVA,3.0,ADJ,XLVIII,kind,12.0,0.0,kind,20.0
526162,VANA PARVA,3.0,ADJ,XLVIII,forgetful,12.0,0.0,forgetful,22.0
530137,VANA PARVA,3.0,ADJ,LII,able,11.0,0.0,able,20.0
598996,VANA PARVA,3.0,ADJ,XCI,great,24.0,0.0,great,22.0
599102,VANA PARVA,3.0,ADJ,XCI,shouldered,28.0,0.0,shouldered,17.0
599110,VANA PARVA,3.0,ADJ,XCI,equal,29.0,0.0,equal,6.0
710900,VANA PARVA,3.0,ADJ,CLXXIII,other,2.0,1.0,other,27.0
815062,VANA PARVA,3.0,ADJ,CCXXXV,sakuni,24.0,0.0,Sakuni,1.0
815433,VANA PARVA,3.0,ADJ,CCXXXVI,great,11.0,0.0,greater,5.0
818757,VANA PARVA,3.0,ADJ,CCXXXIX,great,16.0,0.0,great,10.0
818763,VANA PARVA,3.0,ADJ,CCXXXIX,great,16.0,0.0,great,16.0
818885,VANA PARVA,3.0,ADJ,CCXXXIX,desirous,19.0,0.0,desirous,5.0
819232,VANA PARVA,3.0,ADJ,CCXXXIX,desirous,32.0,0.0,desirous,9.0
819251,VANA PARVA,3.0,ADJ,CCXXXIX,mighty,33.0,0.0,mighty,3.0
819432,VANA PARVA,3.0,ADJ,CCXL,great,1.0,0.0,great,11.0
824352,VANA PARVA,3.0,ADJ,CCXLV,small,6.0,0.0,small,39.0
826167,VANA PARVA,3.0,ADJ,CCXLVII,wide,29.0,0.0,wide,2.0
826589,VANA PARVA,3.0,ADJ,CCXLVII,great,46.0,0.0,great,53.0
829269,VANA PARVA,3.0,ADJ,CCL,former,25.0,1.0,former,3.0
830795,VANA PARVA,3.0,ADJ,CCLI,good,11.0,0.0,best,2.0
830915,VANA PARVA,3.0,ADJ,CCLI,mighty,12.0,0.0,mighty,81.0
831366,VANA PARVA,3.0,ADJ,CCLI,high,30.0,0.0,highest,27.0
831474,VANA PARVA,3.0,ADJ,CCLI,intelligent,37.0,0.0,intelligent,28.0
831616,VANA PARVA,3.0,ADJ,CCLII,large,1.0,0.0,large,29.0
831852,VANA PARVA,3.0,ADJ,CCLII,eastern,8.0,0.0,eastern,10.0
831912,VANA PARVA,3.0,ADJ,CCLII,mighty,10.0,0.0,mighty,10.0
832325,VANA PARVA,3.0,ADJ,CCLII,martial,21.0,0.0,martial,74.0
832452,VANA PARVA,3.0,ADJ,CCLII,mighty,30.0,0.0,mighty,8.0
833877,VANA PARVA,3.0,ADJ,CCLIV,celebrated,5.0,0.0,celebrated,26.0
835472,VANA PARVA,3.0,ADJ,CCLV,anxious,26.0,0.0,anxious,17.0
835479,VANA PARVA,3.0,ADJ,CCLV,impenetrable,27.0,0.0,impenetrable,6.0
841311,VANA PARVA,3.0,ADJ,CCLX,artful,4.0,0.0,artful,39.0
899403,VANA PARVA,3.0,ADJ,CCLXLIX,harmful,1.0,0.0,harmful,20.0
900301,VANA PARVA,3.0,ADJ,CCC,dear,3.0,0.0,dear,26.0
900309,VANA PARVA,3.0,ADJ,CCC,dear,4.0,0.0,dear,6.0
908433,VANA PARVA,3.0,ADJ,CCCVII,other,29.0,1.0,other,15.0
908955,VANA PARVA,3.0,ADJ,CCCVIII,various,10.0,1.0,various,10.0
908982,VANA PARVA,3.0,ADJ,CCCVIII,other,10.0,1.0,other,37.0
910127,VANA PARVA,3.0,ADJ,CCCVIII,natural,40.0,0.0,natural,37.0
910293,VANA PARVA,3.0,ADJ,CCCVIII,famous,47.0,0.0,famous,11.0
925306,VANA PARVA,3.0,ADJ,CCCXIII,rational,184.0,0.0,rational,4.0
964967,VIRATA PARVA,4.0,ADJ,XXX,illustrious,4.0,0.0,illustrious,97.0
988945,VIRATA PARVA,4.0,ADJ,LII,right,31.0,0.0,right,48.0
990373,VIRATA PARVA,4.0,ADJ,LIV,desirous,10.0,0.0,desirous,24.0
991282,VIRATA PARVA,4.0,ADJ,LIV,heroic,30.0,0.0,heroic,7.0
991522,VIRATA PARVA,4.0,ADJ,LIV,thick,35.0,0.0,thick,15.0
991591,VIRATA PARVA,4.0,ADJ,LIV,handed,36.0,0.0,handed,60.0
991594,VIRATA PARVA,4.0,ADJ,LIV,unable,36.0,0.0,unable,63.0
991698,VIRATA PARVA,4.0,ADJ,LIV,arrowy,38.0,0.0,arrowy,8.0
991706,VIRATA PARVA,4.0,ADJ,LIV,illustrious,38.0,0.0,illustrious,16.0
991736,VIRATA PARVA,4.0,ADJ,LIV,countless,39.0,0.0,countless,11.0
993446,VIRATA PARVA,4.0,ADJ,LV,great,42.0,0.0,great,4.0
993453,VIRATA PARVA,4.0,ADJ,LV,skilled,42.0,0.0,skilled,11.0
999543,VIRATA PARVA,4.0,ADJ,LIX,mighty,10.0,0.0,mighty,10.0
999926,VIRATA PARVA,4.0,ADJ,LIX,desirous,23.0,0.0,desirous,9.0
1000000,VIRATA PARVA,4.0,ADJ,LIX,sudden,25.0,0.0,sudden,24.0
1000699,VIRATA PARVA,4.0,ADJ,LX,great,20.0,0.0,great,15.0
1000824,VIRATA PARVA,4.0,ADJ,LX,armed,24.0,0.0,armed,6.0
1000916,VIRATA PARVA,4.0,ADJ,LX,sharp,27.0,0.0,sharp,11.0
1007082,VIRATA PARVA,4.0,ADJ,LXV,blue,12.0,0.0,blue,85.0
1028306,UDYOGA PARVA,5.0,ADJ,VIII,single,65.0,0.0,single,12.0
1045073,UDYOGA PARVA,5.0,ADJ,XXII,mean,14.0,0.0,mean,40.0
1045075,UDYOGA PARVA,5.0,ADJ,XXII,minded,14.0,0.0,minded,42.0
1050898,UDYOGA PARVA,5.0,ADJ,XXVI,capable,40.0,0.0,capable,16.0
1056241,UDYOGA PARVA,5.0,ADJ,XXIX,wordy,86.0,0.0,wordy,13.0
1058764,UDYOGA PARVA,5.0,ADJ,XXX,unparalleled,49.0,0.0,unparalleled,56.0
1073123,UDYOGA PARVA,5.0,ADJ,XXXV,foolish,109.0,0.0,foolish,17.0
1113225,UDYOGA PARVA,5.0,ADJ,LII,compassionate,4.0,0.0,compassionate,4.0
1117473,UDYOGA PARVA,5.0,ADJ,LV,equal,76.0,0.0,equal,13.0
1120280,UDYOGA PARVA,5.0,ADJ,LVII,unconquerable,32.0,0.0,unconquerable,11.0
1122796,UDYOGA PARVA,5.0,ADJ,LIX,loud,17.0,0.0,loud,16.0
1122802,UDYOGA PARVA,5.0,ADJ,LIX,very,18.0,1.0,very,2.0
1126090,UDYOGA PARVA,5.0,ADJ,LXII,great,24.0,0.0,great,11.0
1160399,UDYOGA PARVA,5.0,ADJ,XCII,single,13.0,0.0,single,20.0
1161723,UDYOGA PARVA,5.0,ADJ,XCIII,other,10.0,1.0,other,41.0
1164061,UDYOGA PARVA,5.0,ADJ,XCIV,illustrious,42.0,0.0,illustrious,13.0
1164063,UDYOGA PARVA,5.0,ADJ,XCIV,wrathful,42.0,0.0,wrathful,15.0
1201543,UDYOGA PARVA,5.0,ADJ,CXXVIII,same,52.0,1.0,same,4.0
1216105,UDYOGA PARVA,5.0,ADJ,CXXXVII,long,41.0,0.0,long,53.0
1218368,UDYOGA PARVA,5.0,ADJ,CXL,rainy,4.0,0.0,rainy,39.0
1218518,UDYOGA PARVA,5.0,ADJ,CXL,eternal,9.0,0.0,eternal,11.0
1224050,UDYOGA PARVA,5.0,ADJ,CXLIII,acceptable,53.0,0.0,acceptable,29.0
1224890,UDYOGA PARVA,5.0,ADJ,CXLIV,sinful,18.0,0.0,sinful,27.0
1225388,UDYOGA PARVA,5.0,ADJ,CXLIV,upper,30.0,0.0,upper,17.0
1225400,UDYOGA PARVA,5.0,ADJ,CXLIV,regulated,31.0,0.0,regulated,8.0
1226095,UDYOGA PARVA,5.0,ADJ,CXLVI,true,3.0,0.0,true,10.0
1244938,UDYOGA PARVA,5.0,ADJ,CLXI,next,5.0,1.0,next,21.0
1244949,UDYOGA PARVA,5.0,ADJ,CLXI,own,5.0,1.0,own,32.0
1248568,UDYOGA PARVA,5.0,ADJ,CLXI,invincible,150.0,0.0,invincible,10.0
1250432,UDYOGA PARVA,5.0,ADJ,CLXII,invincible,25.0,0.0,invincible,18.0
1251522,UDYOGA PARVA,5.0,ADJ,CLXII,unconquerable,66.0,0.0,unconquerable,118.0
1260711,UDYOGA PARVA,5.0,ADJ,CLXIX,vile,4.0,0.0,vile,47.0
1322391,BHISHMA PARVA,6.0,ADJ,XIV,deceitful,79.0,0.0,deceitful,6.0
1351469,BHISHMA PARVA,6.0,ADJ,XXXV,other,58.0,1.0,other,13.0
1385077,BHISHMA PARVA,6.0,ADJ,LII,capable,22.0,0.0,capable,15.0
1429942,BHISHMA PARVA,6.0,ADJ,LXXVII,many,10.0,1.0,many,44.0
1429943,BHISHMA PARVA,6.0,ADJ,LXXVII,other,10.0,1.0,other,45.0
1429944,BHISHMA PARVA,6.0,ADJ,LXXVII,mighty,10.0,0.0,mighty,46.0
1466064,BHISHMA PARVA,6.0,ADJ,XCVII,evil,11.0,0.0,evil,13.0
1468624,BHISHMA PARVA,6.0,ADJ,XCVIII,invincible,1.0,0.0,invincible,30.0
1468768,BHISHMA PARVA,6.0,ADJ,XCVIII,weak,5.0,0.0,weaker,44.0
1470549,BHISHMA PARVA,6.0,ADJ,XCIX,sufficient,16.0,0.0,sufficient,37.0
1515753,BHISHMA PARVA,6.0,ADJ,CXXI,long,28.0,0.0,long,7.0
1519816,BHISHMA PARVA,6.0,ADJ,CXXIV,great,5.0,0.0,great,11.0
1520288,BHISHMA PARVA,6.0,ADJ,CXXIV,souled,27.0,0.0,souled,35.0
1545446,DRONA PARVA,7.0,ADJ,I,mighty,39.0,0.0,mighty,8.0
1545448,DRONA PARVA,7.0,ADJ,I,armed,39.0,0.0,armed,10.0
1545451,DRONA PARVA,7.0,ADJ,I,great,39.0,0.0,great,13.0
1546067,DRONA PARVA,7.0,ADJ,II,desirous,5.0,0.0,desirous,28.0
1546555,DRONA PARVA,7.0,ADJ,II,great,14.0,0.0,great,55.0
1549377,DRONA PARVA,7.0,ADJ,IV,own,7.0,1.0,own,23.0
1549519,DRONA PARVA,7.0,ADJ,IV,many,11.0,1.0,many,2.0
1549520,DRONA PARVA,7.0,ADJ,IV,other,11.0,1.0,other,3.0
1549822,DRONA PARVA,7.0,ADJ,IV,armed,22.0,0.0,armed,9.0
1549824,DRONA PARVA,7.0,ADJ,IV,high,22.0,0.0,high,11.0
1550110,DRONA PARVA,7.0,ADJ,V,souled,6.0,0.0,souled,7.0
1550117,DRONA PARVA,7.0,ADJ,V,great,6.0,0.0,great,14.0
1550171,DRONA PARVA,7.0,ADJ,V,fit,8.0,0.0,fit,23.0
1552010,DRONA PARVA,7.0,ADJ,VII,own,21.0,1.0,own,36.0
1552532,DRONA PARVA,7.0,ADJ,VII,other,37.0,1.0,other,12.0
1569139,DRONA PARVA,7.0,ADJ,XVI,invisible,9.0,0.0,invisible,8.0
1569164,DRONA PARVA,7.0,ADJ,XVI,many,10.0,1.0,many,15.0
1580902,DRONA PARVA,7.0,ADJ,XXII,evident,16.0,0.0,evident,3.0
1585597,DRONA PARVA,7.0,ADJ,XXIII,arrowy,144.0,0.0,arrowy,4.0
1586203,DRONA PARVA,7.0,ADJ,XXIII,competent,161.0,0.0,competent,9.0
1597753,DRONA PARVA,7.0,ADJ,XXX,own,76.0,1.0,own,11.0
1597757,DRONA PARVA,7.0,ADJ,XXX,loud,76.0,0.0,loud,15.0
1597933,DRONA PARVA,7.0,ADJ,XXX,mighty,83.0,0.0,mighty,28.0
1597937,DRONA PARVA,7.0,ADJ,XXX,loud,83.0,0.0,loud,32.0
1598323,DRONA PARVA,7.0,ADJ,XXX,frightening,94.0,0.0,frightening,41.0
1600834,DRONA PARVA,7.0,ADJ,XXXII,mighty,24.0,0.0,mighty,11.0
1605222,DRONA PARVA,7.0,ADJ,XXXV,capable,30.0,0.0,capable,27.0
1605271,DRONA PARVA,7.0,ADJ,XXXV,great,32.0,0.0,great,6.0
1605279,DRONA PARVA,7.0,ADJ,XXXV,helpless,32.0,0.0,helpless,14.0
1608739,DRONA PARVA,7.0,ADJ,XXXVIII,desirous,25.0,0.0,desirous,8.0
1608765,DRONA PARVA,7.0,ADJ,XXXVIII,heroic,26.0,0.0,heroic,6.0
1608894,DRONA PARVA,7.0,ADJ,XXXVIII,honoured,30.0,0.0,honoured,6.0
1609094,DRONA PARVA,7.0,ADJ,XXXVIII,straight,36.0,0.0,straight,5.0
1609163,DRONA PARVA,7.0,ADJ,XXXVIII,such,38.0,1.0,such,51.0
1609245,DRONA PARVA,7.0,ADJ,XXXIX,young,1.0,0.0,younger,13.0
1609251,DRONA PARVA,7.0,ADJ,XXXIX,loud,1.0,0.0,loud,19.0
1609278,DRONA PARVA,7.0,ADJ,XXXIX,illustrious,1.0,0.0,illustrious,46.0
1616265,DRONA PARVA,7.0,ADJ,XLVI,brave,7.0,0.0,brave,11.0
1617677,DRONA PARVA,7.0,ADJ,XLVI,sharp,60.0,0.0,sharp,10.0
1710384,DRONA PARVA,7.0,ADJ,CXI,solicitous,31.0,0.0,solicitous,2.0
1713713,DRONA PARVA,7.0,ADJ,CXII,mighty,45.0,0.0,mighty,16.0
1713958,DRONA PARVA,7.0,ADJ,CXII,great,51.0,0.0,great,27.0
1745513,DRONA PARVA,7.0,ADJ,CXXVIII,mighty,10.0,0.0,mighty,59.0
1745516,DRONA PARVA,7.0,ADJ,CXXVIII,unable,10.0,0.0,unable,62.0
1745542,DRONA PARVA,7.0,ADJ,CXXVIII,mighty,11.0,0.0,mighty,4.0
1745548,DRONA PARVA,7.0,ADJ,CXXVIII,desirous,11.0,0.0,desirous,10.0
1745783,DRONA PARVA,7.0,ADJ,CXXVIII,terrific,18.0,0.0,terrific,29.0
1745930,DRONA PARVA,7.0,ADJ,CXXVIII,straight,24.0,0.0,straight,34.0
1746016,DRONA PARVA,7.0,ADJ,CXXVIII,beautiful,27.0,0.0,beautiful,14.0
1746076,DRONA PARVA,7.0,ADJ,CXXVIII,great,29.0,0.0,great,7.0
1746211,DRONA PARVA,7.0,ADJ,CXXVIII,mighty,35.0,0.0,mighty,2.0
1746280,DRONA PARVA,7.0,ADJ,CXXVIII,gratified,37.0,0.0,gratified,14.0
1748204,DRONA PARVA,7.0,ADJ,CXXX,great,3.0,0.0,great,41.0
1749060,DRONA PARVA,7.0,ADJ,CXXX,fierce,33.0,0.0,fierce,31.0
1749200,DRONA PARVA,7.0,ADJ,CXXX,many,37.0,1.0,many,18.0
1749375,DRONA PARVA,7.0,ADJ,CXXX,impenetrable,42.0,0.0,impenetrable,5.0
1749505,DRONA PARVA,7.0,ADJ,CXXX,fierce,45.0,0.0,fierce,30.0
1749894,DRONA PARVA,7.0,ADJ,CXXX,armed,56.0,0.0,armed,22.0
1749903,DRONA PARVA,7.0,ADJ,CXXX,ill,57.0,0.0,ill,7.0
1749913,DRONA PARVA,7.0,ADJ,CXXX,long,57.0,0.0,long,17.0
1749925,DRONA PARVA,7.0,ADJ,CXXX,white,57.0,0.0,white,29.0
1750106,DRONA PARVA,7.0,ADJ,CXXX,proud,62.0,0.0,proud,13.0
1750311,DRONA PARVA,7.0,ADJ,CXXXI,furious,5.0,0.0,furious,2.0
1750359,DRONA PARVA,7.0,ADJ,CXXXI,heroic,7.0,0.0,heroic,18.0
1750363,DRONA PARVA,7.0,ADJ,CXXXI,high,7.0,0.0,high,22.0
1750365,DRONA PARVA,7.0,ADJ,CXXXI,souled,7.0,0.0,souled,24.0
1750739,DRONA PARVA,7.0,ADJ,CXXXI,harsh,15.0,0.0,harsh,91.0
1750883,DRONA PARVA,7.0,ADJ,CXXXI,dense,16.0,0.0,dense,2.0
1751123,DRONA PARVA,7.0,ADJ,CXXXI,own,22.0,1.0,own,5.0
1751914,DRONA PARVA,7.0,ADJ,CXXXII,terrible,7.0,0.0,terrible,19.0
1752408,DRONA PARVA,7.0,ADJ,CXXXII,latter,22.0,1.0,latter,21.0
1752982,DRONA PARVA,7.0,ADJ,CXXXII,more,36.0,1.0,more,7.0
1753101,DRONA PARVA,7.0,ADJ,CXXXII,distressful,39.0,0.0,distressful,6.0
1753410,DRONA PARVA,7.0,ADJ,CXXXIII,carless,1.0,0.0,carless,13.0
1753474,DRONA PARVA,7.0,ADJ,CXXXIII,full,2.0,0.0,fullest,35.0
1753528,DRONA PARVA,7.0,ADJ,CXXXIII,straight,4.0,0.0,straight,22.0
1753625,DRONA PARVA,7.0,ADJ,CXXXIII,heroic,6.0,0.0,heroic,60.0
1754220,DRONA PARVA,7.0,ADJ,CXXXIII,tearful,20.0,0.0,tearful,3.0
1754246,DRONA PARVA,7.0,ADJ,CXXXIII,heroic,21.0,0.0,heroic,14.0
1754749,DRONA PARVA,7.0,ADJ,CXXXIV,mighty,7.0,0.0,mighty,22.0
1755002,DRONA PARVA,7.0,ADJ,CXXXIV,mighty,14.0,0.0,mighty,9.0
1755818,DRONA PARVA,7.0,ADJ,CXXXIV,mighty,40.0,0.0,mighty,19.0
1756031,DRONA PARVA,7.0,ADJ,CXXXIV,angry,48.0,0.0,angry,16.0
1756080,DRONA PARVA,7.0,ADJ,CXXXV,great,1.0,0.0,great,23.0
1756152,DRONA PARVA,7.0,ADJ,CXXXV,many,3.0,1.0,many,31.0
1756153,DRONA PARVA,7.0,ADJ,CXXXV,keen,3.0,0.0,keen,32.0
1756152,DRONA PARVA,7.0,ADJ,CXXXV,many,3.0,1.0,many,31.0
1756153,DRONA PARVA,7.0,ADJ,CXXXV,keen,3.0,0.0,keen,32.0
1756373,DRONA PARVA,7.0,ADJ,CXXXV,mighty,12.0,0.0,mighty,3.0
1756564,DRONA PARVA,7.0,ADJ,CXXXV,keen,19.0,0.0,keen,2.0
1756827,DRONA PARVA,7.0,ADJ,CXXXV,tearful,27.0,0.0,tearful,25.0
1756855,DRONA PARVA,7.0,ADJ,CXXXV,great,28.0,0.0,great,17.0
1757365,DRONA PARVA,7.0,ADJ,CXXXV,winged,43.0,0.0,winged,8.0
1757599,DRONA PARVA,7.0,ADJ,CXXXVI,mighty,5.0,0.0,mighty,16.0
1757665,DRONA PARVA,7.0,ADJ,CXXXVI,beautiful,8.0,0.0,beautiful,2.0
1757879,DRONA PARVA,7.0,ADJ,CXXXVI,irresistible,12.0,0.0,irresistible,52.0
1757886,DRONA PARVA,7.0,ADJ,CXXXVI,dense,12.0,0.0,dense,59.0
1757934,DRONA PARVA,7.0,ADJ,CXXXVI,other,13.0,1.0,other,26.0
1757935,DRONA PARVA,7.0,ADJ,CXXXVI,sharp,13.0,0.0,sharp,27.0
1759796,DRONA PARVA,7.0,ADJ,CXXXVII,impetuous,12.0,0.0,impetuous,25.0
1760755,DRONA PARVA,7.0,ADJ,CXXXVIII,active,11.0,0.0,active,8.0
1760825,DRONA PARVA,7.0,ADJ,CXXXVIII,firm,12.0,0.0,firm,48.0
1760831,DRONA PARVA,7.0,ADJ,CXXXVIII,great,12.0,0.0,great,54.0
1760855,DRONA PARVA,7.0,ADJ,CXXXVIII,wrathful,13.0,0.0,wrathful,12.0
1761985,DRONA PARVA,7.0,ADJ,CXXXVIII,desirous,44.0,0.0,desirous,4.0
1762276,DRONA PARVA,7.0,ADJ,CXXXVIII,many,52.0,1.0,many,36.0
1762284,DRONA PARVA,7.0,ADJ,CXXXVIII,great,53.0,0.0,great,6.0
1762645,DRONA PARVA,7.0,ADJ,CXXXVIII,great,62.0,0.0,great,48.0
1762727,DRONA PARVA,7.0,ADJ,CXXXVIII,conversant,64.0,0.0,conversant,33.0
1762837,DRONA PARVA,7.0,ADJ,CXXXVIII,formidable,67.0,0.0,formidable,11.0
1762845,DRONA PARVA,7.0,ADJ,CXXXVIII,large,68.0,0.0,large,2.0
1762974,DRONA PARVA,7.0,ADJ,CXXXVIII,mighty,71.0,0.0,mighty,15.0
1764081,DRONA PARVA,7.0,ADJ,CXXXVIII,harsh,106.0,0.0,harsh,29.0
1764208,DRONA PARVA,7.0,ADJ,CXXXVIII,harsh,113.0,0.0,harsh,6.0
1764501,DRONA PARVA,7.0,ADJ,CXXXVIII,many,123.0,1.0,many,17.0
1764680,DRONA PARVA,7.0,ADJ,CXXXVIII,desirous,128.0,0.0,desirous,35.0
1774764,DRONA PARVA,7.0,ADJ,CXLIV,such,10.0,1.0,such,16.0
1775352,DRONA PARVA,7.0,ADJ,CXLIV,other,31.0,1.0,other,14.0
1776872,DRONA PARVA,7.0,ADJ,CXLIV,mighty,74.0,0.0,mighty,2.0
1777537,DRONA PARVA,7.0,ADJ,CXLIV,white,96.0,0.0,white,18.0
1781812,DRONA PARVA,7.0,ADJ,CXLV,arrowy,101.0,0.0,arrowy,47.0
1784895,DRONA PARVA,7.0,ADJ,CXLVI,latter,44.0,1.0,latter,2.0
1785017,DRONA PARVA,7.0,ADJ,CXLVI,heroic,48.0,0.0,heroic,17.0
1785310,DRONA PARVA,7.0,ADJ,CXLVI,ready,59.0,0.0,ready,9.0
1785845,DRONA PARVA,7.0,ADJ,CXLVI,mighty,75.0,0.0,mighty,11.0
1785851,DRONA PARVA,7.0,ADJ,CXLVI,angry,75.0,0.0,angry,17.0
1786151,DRONA PARVA,7.0,ADJ,CXLVI,heroic,86.0,0.0,heroic,8.0
1786242,DRONA PARVA,7.0,ADJ,CXLVI,carless,90.0,0.0,carless,6.0
1786381,DRONA PARVA,7.0,ADJ,CXLVI,strong,93.0,0.0,strong,9.0
1787121,DRONA PARVA,7.0,ADJ,CXLVII,wordy,3.0,0.0,wordy,22.0
1787314,DRONA PARVA,7.0,ADJ,CXLVII,immeasurable,10.0,0.0,immeasurable,12.0
1787337,DRONA PARVA,7.0,ADJ,CXLVII,false,10.0,0.0,false,35.0
1787903,DRONA PARVA,7.0,ADJ,CXLVII,loud,31.0,0.0,loud,16.0
1788194,DRONA PARVA,7.0,ADJ,CXLVII,wicked,42.0,0.0,wicked,13.0
1791021,DRONA PARVA,7.0,ADJ,CXLVIII,good,65.0,0.0,good,2.0
1793407,DRONA PARVA,7.0,ADJ,CI,alive,29.0,0.0,alive,6.0
1799256,DRONA PARVA,7.0,ADJ,CLIV,very,33.0,1.0,very,33.0
1799310,DRONA PARVA,7.0,ADJ,CLIV,very,36.0,1.0,very,13.0
1799566,DRONA PARVA,7.0,ADJ,CLIV,very,44.0,1.0,very,4.0
1807820,DRONA PARVA,7.0,ADJ,CLVI,favourite,22.0,0.0,favourite,19.0
1807834,DRONA PARVA,7.0,ADJ,CLVI,celebrated,23.0,0.0,celebrated,6.0
1807844,DRONA PARVA,7.0,ADJ,CLVI,many,23.0,1.0,many,16.0
1809333,DRONA PARVA,7.0,ADJ,CLVII,fair,18.0,0.0,fair,45.0
1810165,DRONA PARVA,7.0,ADJ,CLVII,certain,53.0,0.0,certain,10.0
1811675,DRONA PARVA,7.0,ADJ,CLVIII,very,2.0,1.0,very,17.0
1811929,DRONA PARVA,7.0,ADJ,CLVIII,wicked,9.0,0.0,wicked,6.0
1812023,DRONA PARVA,7.0,ADJ,CLVIII,wicked,14.0,0.0,wicked,7.0
1812427,DRONA PARVA,7.0,ADJ,CLVIII,loud,31.0,0.0,loud,35.0
1812541,DRONA PARVA,7.0,ADJ,CLVIII,mighty,34.0,0.0,mighty,24.0
1812543,DRONA PARVA,7.0,ADJ,CLVIII,armed,34.0,0.0,armed,26.0
1812566,DRONA PARVA,7.0,ADJ,CLVIII,fierce,35.0,0.0,fierce,9.0
1812770,DRONA PARVA,7.0,ADJ,CLVIII,mighty,46.0,0.0,mighty,30.0
1812856,DRONA PARVA,7.0,ADJ,CLVIII,mighty,49.0,0.0,mighty,2.0
1813084,DRONA PARVA,7.0,ADJ,CLVIII,cold,52.0,0.0,cold,32.0
1813090,DRONA PARVA,7.0,ADJ,CLVIII,large,53.0,0.0,large,5.0
1813262,DRONA PARVA,7.0,ADJ,CLVIII,intelligent,58.0,0.0,intelligent,12.0
1813266,DRONA PARVA,7.0,ADJ,CLVIII,cometh,58.0,0.0,cometh,16.0
1813571,DRONA PARVA,7.0,ADJ,CLVIII,rival,70.0,0.0,rival,12.0
1813774,DRONA PARVA,7.0,ADJ,CLVIII,mighty,79.0,0.0,mighty,6.0
1814018,DRONA PARVA,7.0,ADJ,CLVIII,driverless,85.0,0.0,driverless,21.0
1827274,DRONA PARVA,7.0,ADJ,CLXVI,straight,3.0,0.0,straight,21.0
1827340,DRONA PARVA,7.0,ADJ,CLXVI,wonderful,7.0,0.0,wonderful,7.0
1827642,DRONA PARVA,7.0,ADJ,CLXVI,dead,18.0,0.0,dead,42.0
1827643,DRONA PARVA,7.0,ADJ,CLXVI,human,18.0,0.0,human,43.0
1827678,DRONA PARVA,7.0,ADJ,CLXVI,many,20.0,1.0,many,21.0
1827904,DRONA PARVA,7.0,ADJ,CLXVI,wordy,28.0,0.0,wordy,18.0
1829992,DRONA PARVA,7.0,ADJ,CLXVIII,beautiful,25.0,0.0,beautiful,44.0
1833484,DRONA PARVA,7.0,ADJ,CLXX,mighty,40.0,0.0,mighty,12.0
1833488,DRONA PARVA,7.0,ADJ,CLXX,industrious,40.0,0.0,industrious,16.0
1833543,DRONA PARVA,7.0,ADJ,CLXX,eyed,40.0,0.0,eyed,71.0
1833761,DRONA PARVA,7.0,ADJ,CLXX,mighty,48.0,0.0,mighty,6.0
1833809,DRONA PARVA,7.0,ADJ,CLXX,mighty,50.0,0.0,mighty,10.0
1833826,DRONA PARVA,7.0,ADJ,CLXX,many,50.0,1.0,many,27.0
1836583,DRONA PARVA,7.0,ADJ,CLXXI,heroic,55.0,0.0,heroic,38.0
1837446,DRONA PARVA,7.0,ADJ,CLXXII,many,27.0,1.0,many,3.0
1838034,DRONA PARVA,7.0,ADJ,CLXXIII,hostile,1.0,0.0,hostile,17.0
1838135,DRONA PARVA,7.0,ADJ,CLXXIII,full,4.0,0.0,fullest,38.0
1838252,DRONA PARVA,7.0,ADJ,CLXXIII,straight,9.0,0.0,straight,10.0
1838258,DRONA PARVA,7.0,ADJ,CLXXIII,panchala,9.0,0.0,Panchala,16.0
1838258,DRONA PARVA,7.0,ADJ,CLXXIII,panchala,9.0,0.0,Panchala,16.0
1838347,DRONA PARVA,7.0,ADJ,CLXXIII,great,14.0,0.0,great,5.0
1838483,DRONA PARVA,7.0,ADJ,CLXXIII,sure,17.0,0.0,sure,49.0
1838706,DRONA PARVA,7.0,ADJ,CLXXIII,great,22.0,0.0,great,59.0
1838742,DRONA PARVA,7.0,ADJ,CLXXIII,broken,24.0,0.0,broken,4.0
1838744,DRONA PARVA,7.0,ADJ,CLXXIII,retreating,24.0,0.0,retreating,6.0
1838788,DRONA PARVA,7.0,ADJ,CLXXIII,illustrious,25.0,0.0,illustrious,29.0
1838841,DRONA PARVA,7.0,ADJ,CLXXIII,mighty,27.0,0.0,mighty,32.0
1839092,DRONA PARVA,7.0,ADJ,CLXXIII,unable,35.0,0.0,unable,34.0
1839124,DRONA PARVA,7.0,ADJ,CLXXIII,keen,37.0,0.0,keen,18.0
1839674,DRONA PARVA,7.0,ADJ,CLXXIII,mighty,58.0,0.0,mighty,4.0
1840174,DRONA PARVA,7.0,ADJ,CLXXIII,single,78.0,0.0,single,6.0
1840202,DRONA PARVA,7.0,ADJ,CLXXIII,brave,79.0,0.0,brave,21.0
1840571,DRONA PARVA,7.0,ADJ,CLXXIV,mighty,3.0,0.0,mighty,15.0
1840617,DRONA PARVA,7.0,ADJ,CLXXIV,terrible,5.0,0.0,terrible,7.0
1840958,DRONA PARVA,7.0,ADJ,CLXXIV,vast,15.0,0.0,vast,23.0
1841986,DRONA PARVA,7.0,ADJ,CLXXIV,keen,43.0,0.0,keen,22.0
1843270,DRONA PARVA,7.0,ADJ,CLXXV,nocturnal,48.0,0.0,nocturnal,89.0
1843611,DRONA PARVA,7.0,ADJ,CLXXV,proud,57.0,0.0,proud,14.0
1843696,DRONA PARVA,7.0,ADJ,CLXXV,dreadful,60.0,0.0,dreadful,18.0
1844742,DRONA PARVA,7.0,ADJ,CLXXV,arrowy,93.0,0.0,arrowy,9.0
1844896,DRONA PARVA,7.0,ADJ,CLXXV,celestial,98.0,0.0,celestial,13.0
1845049,DRONA PARVA,7.0,ADJ,CLXXV,mighty,103.0,0.0,mighty,31.0
1845160,DRONA PARVA,7.0,ADJ,CLXXV,mighty,104.0,0.0,mighty,106.0
1845222,DRONA PARVA,7.0,ADJ,CLXXV,latter,106.0,1.0,latter,30.0
1845261,DRONA PARVA,7.0,ADJ,CLXXV,great,107.0,0.0,great,36.0
1845333,DRONA PARVA,7.0,ADJ,CLXXV,diverse,108.0,0.0,diverse,70.0
1845337,DRONA PARVA,7.0,ADJ,CLXXV,puissant,108.0,0.0,puissant,74.0
1845342,DRONA PARVA,7.0,ADJ,CLXXV,divine,108.0,0.0,divine,79.0
1845802,DRONA PARVA,7.0,ADJ,CLXXV,more,118.0,1.0,more,8.0
1845859,DRONA PARVA,7.0,ADJ,CLXXV,frightful,120.0,0.0,frightful,30.0
1846076,DRONA PARVA,7.0,ADJ,CLXXV,huge,126.0,0.0,huge,20.0
1846120,DRONA PARVA,7.0,ADJ,CLXXV,frightful,128.0,0.0,frightful,24.0
1847302,DRONA PARVA,7.0,ADJ,CLXXVII,terrible,4.0,0.0,terrible,18.0
1847444,DRONA PARVA,7.0,ADJ,CLXXVII,hopeless,7.0,0.0,hopeless,8.0
1847460,DRONA PARVA,7.0,ADJ,CLXXVII,great,8.0,0.0,great,10.0
1848960,DRONA PARVA,7.0,ADJ,CLXXVIII,valiant,5.0,0.0,valiant,15.0
1850304,DRONA PARVA,7.0,ADJ,CLXXIX,armed,4.0,0.0,armed,17.0
1851055,DRONA PARVA,7.0,ADJ,CLXXIX,latter,24.0,1.0,latter,19.0
1851164,DRONA PARVA,7.0,ADJ,CLXXIX,wonderful,28.0,0.0,wonderful,6.0
1852153,DRONA PARVA,7.0,ADJ,CLXXIX,empty,53.0,1.0,empty,37.0
1852401,DRONA PARVA,7.0,ADJ,CLXXIX,terrible,64.0,0.0,terrible,15.0
1852543,DRONA PARVA,7.0,ADJ,CLXXIX,nocturnal,70.0,0.0,nocturnal,31.0
1854128,DRONA PARVA,7.0,ADJ,CLXXX,heroic,31.0,0.0,Heroic,1.0
1854228,DRONA PARVA,7.0,ADJ,CLXXX,arrowy,32.0,0.0,arrowy,30.0
1854456,DRONA PARVA,7.0,ADJ,CLXXX,incapable,39.0,0.0,incapable,20.0
1854460,DRONA PARVA,7.0,ADJ,CLXXX,invincible,39.0,0.0,invincible,24.0
1855752,DRONA PARVA,7.0,ADJ,CLXXXI,anxious,46.0,0.0,anxious,7.0
1856270,DRONA PARVA,7.0,ADJ,CLXXXII,other,16.0,1.0,other,8.0
1856767,DRONA PARVA,7.0,ADJ,CLXXXII,other,32.0,1.0,other,13.0
1856767,DRONA PARVA,7.0,ADJ,CLXXXII,other,32.0,1.0,other,13.0
1857315,DRONA PARVA,7.0,ADJ,CLXXXII,great,52.0,0.0,great,33.0
1857337,DRONA PARVA,7.0,ADJ,CLXXXII,firm,52.0,0.0,firm,55.0
1857419,DRONA PARVA,7.0,ADJ,CLXXXII,subject,54.0,0.0,subject,35.0
1857567,DRONA PARVA,7.0,ADJ,CLXXXII,present,62.0,0.0,present,38.0
1858122,DRONA PARVA,7.0,ADJ,CLXXXIII,other,5.0,1.0,other,22.0
1858136,DRONA PARVA,7.0,ADJ,CLXXXIII,supreme,6.0,0.0,supreme,9.0
1858293,DRONA PARVA,7.0,ADJ,CLXXXIII,insignificant,9.0,0.0,insignificant,19.0
1859747,DRONA PARVA,7.0,ADJ,CLXXXIII,formidable,65.0,0.0,formidable,17.0
1860035,DRONA PARVA,7.0,ADJ,CLXXXIII,single,75.0,0.0,single,9.0
1862104,DRONA PARVA,7.0,ADJ,CLXXXIV,delightful,55.0,0.0,delightful,41.0
1863247,DRONA PARVA,7.0,ADJ,CLXXXV,maternal,36.0,0.0,maternal,40.0
1868277,DRONA PARVA,7.0,ADJ,CLXXXVIII,desirous,13.0,0.0,desirous,4.0
1868296,DRONA PARVA,7.0,ADJ,CLXXXVIII,great,14.0,0.0,great,6.0
1868727,DRONA PARVA,7.0,ADJ,CLXXXVIII,latter,30.0,1.0,latter,2.0
1871693,DRONA PARVA,7.0,ADJ,CXC,mighty,55.0,0.0,mightier,28.0
1871756,DRONA PARVA,7.0,ADJ,CXC,great,58.0,0.0,greatest,13.0
1876863,DRONA PARVA,7.0,ADJ,CXCIII,mighty,5.0,0.0,mighty,5.0
1878288,DRONA PARVA,7.0,ADJ,CXCIII,great,56.0,0.0,great,32.0
1878288,DRONA PARVA,7.0,ADJ,CXCIII,great,56.0,0.0,great,32.0
1882735,DRONA PARVA,7.0,ADJ,CXCV,equal,9.0,0.0,equal,3.0
1919771,KARNA-PARVA,8.0,ADJ,1,immense,16.0,0.0,immense,9.0
1921767,KARNA-PARVA,8.0,ADJ,3,mighty,25.0,0.0,mighty,6.0
1921774,KARNA-PARVA,8.0,ADJ,3,fierce,25.0,0.0,fierce,13.0
1923291,KARNA-PARVA,8.0,ADJ,5,equal,23.0,0.0,equal,4.0
1923324,KARNA-PARVA,8.0,ADJ,5,very,23.0,1.0,very,37.0
1924536,KARNA-PARVA,8.0,ADJ,5,invincible,60.0,0.0,invincible,40.0
1926594,KARNA-PARVA,8.0,ADJ,7,proud,11.0,0.0,proud,78.0
1926600,KARNA-PARVA,8.0,ADJ,7,invincible,11.0,0.0,invincible,84.0
1927165,KARNA-PARVA,8.0,ADJ,7,other,22.0,1.0,other,28.0
1927810,KARNA-PARVA,8.0,ADJ,8,unslayable,4.0,0.0,unslayable,8.0
1928487,KARNA-PARVA,8.0,ADJ,8,foremost,20.0,0.0,foremost,37.0
1929053,KARNA-PARVA,8.0,ADJ,9,incredible,8.0,0.0,incredible,17.0
1929248,KARNA-PARVA,8.0,ADJ,9,high,14.0,0.0,high,30.0
1930051,KARNA-PARVA,8.0,ADJ,9,mighty,44.0,0.0,mighty,13.0
1930705,KARNA-PARVA,8.0,ADJ,9,great,59.0,0.0,great,19.0
1932171,KARNA-PARVA,8.0,ADJ,9,mighty,96.0,0.0,mighty,4.0
1932343,KARNA-PARVA,8.0,ADJ,9,unable,101.0,0.0,unable,9.0
1933082,KARNA-PARVA,8.0,ADJ,10,great,18.0,0.0,great,6.0
1933147,KARNA-PARVA,8.0,ADJ,10,great,20.0,0.0,great,21.0
1934099,KARNA-PARVA,8.0,ADJ,10,desirous,52.0,0.0,desirous,16.0
1934991,KARNA-PARVA,8.0,ADJ,11,mighty,7.0,0.0,mighty,6.0
1935074,KARNA-PARVA,8.0,ADJ,11,vast,8.0,0.0,vast,21.0
1936022,KARNA-PARVA,8.0,ADJ,11,great,42.0,0.0,great,28.0
1937905,KARNA-PARVA,8.0,ADJ,13,mighty,1.0,0.0,mighty,13.0
1937907,KARNA-PARVA,8.0,ADJ,13,heroic,1.0,0.0,heroic,15.0
1937965,KARNA-PARVA,8.0,ADJ,13,very,3.0,1.0,very,25.0
1937965,KARNA-PARVA,8.0,ADJ,13,very,3.0,1.0,very,25.0
1952642,KARNA-PARVA,8.0,ADJ,21,hostile,24.0,0.0,hostile,4.0
1952747,KARNA-PARVA,8.0,ADJ,21,second,27.0,0.0,second,15.0
1952771,KARNA-PARVA,8.0,ADJ,21,capable,28.0,0.0,capable,19.0
1955782,KARNA-PARVA,8.0,ADJ,24,virulent,15.0,0.0,virulent,32.0
1955789,KARNA-PARVA,8.0,ADJ,24,great,16.0,0.0,great,5.0
1956721,KARNA-PARVA,8.0,ADJ,24,souled,44.0,0.0,souled,8.0
1956728,KARNA-PARVA,8.0,ADJ,24,extensive,44.0,0.0,extensive,15.0
1957252,KARNA-PARVA,8.0,ADJ,24,brave,63.0,0.0,brave,6.0
1957625,KARNA-PARVA,8.0,ADJ,24,souled,73.0,0.0,souled,47.0
1958195,KARNA-PARVA,8.0,ADJ,24,brave,87.0,0.0,brave,2.0
1962882,KARNA-PARVA,8.0,ADJ,28,great,8.0,0.0,great,7.0
1964270,KARNA-PARVA,8.0,ADJ,28,impassable,50.0,0.0,impassable,48.0
1966828,KARNA-PARVA,8.0,ADJ,30,fierce,32.0,0.0,fierce,16.0
1966937,KARNA-PARVA,8.0,ADJ,30,fierce,34.0,0.0,fierce,81.0
1966987,KARNA-PARVA,8.0,ADJ,30,sharp,35.0,0.0,sharp,12.0
1967849,KARNA-PARVA,8.0,ADJ,31,angry,14.0,0.0,angry,9.0
1968072,KARNA-PARVA,8.0,ADJ,31,heroic,22.0,0.0,heroic,16.0
1968284,KARNA-PARVA,8.0,ADJ,31,mighty,30.0,0.0,mighty,5.0
1968286,KARNA-PARVA,8.0,ADJ,31,armed,30.0,0.0,armed,7.0
1968290,KARNA-PARVA,8.0,ADJ,31,single,30.0,0.0,single,11.0
1968292,KARNA-PARVA,8.0,ADJ,31,handed,30.0,0.0,handed,13.0
1968341,KARNA-PARVA,8.0,ADJ,31,fierce,32.0,0.0,fierce,20.0
1968437,KARNA-PARVA,8.0,ADJ,31,great,37.0,0.0,great,8.0
1968539,KARNA-PARVA,8.0,ADJ,31,politic,41.0,0.0,politic,17.0
1971138,KARNA-PARVA,8.0,ADJ,32,armed,18.0,0.0,armed,4.0
1971142,KARNA-PARVA,8.0,ADJ,32,devoted,18.0,0.0,devoted,8.0
1971620,KARNA-PARVA,8.0,ADJ,32,invincible,35.0,0.0,invincible,43.0
1971791,KARNA-PARVA,8.0,ADJ,32,superior,40.0,0.0,superior,5.0
1972687,KARNA-PARVA,8.0,ADJ,32,superior,76.0,0.0,superior,16.0
1972891,KARNA-PARVA,8.0,ADJ,32,superior,84.0,0.0,superior,10.0
1972915,KARNA-PARVA,8.0,ADJ,32,superior,84.0,0.0,superior,34.0
1972922,KARNA-PARVA,8.0,ADJ,32,superior,85.0,0.0,superior,4.0
1980547,KARNA-PARVA,8.0,ADJ,34,superior,168.0,0.0,superior,19.0
1981837,KARNA-PARVA,8.0,ADJ,34,delighted,219.0,0.0,delighted,29.0
1982245,KARNA-PARVA,8.0,ADJ,35,superior,4.0,0.0,superior,39.0
1982733,KARNA-PARVA,8.0,ADJ,35,great,17.0,0.0,great,3.0
1982750,KARNA-PARVA,8.0,ADJ,35,mighty,18.0,0.0,mighty,2.0
1982807,KARNA-PARVA,8.0,ADJ,35,great,19.0,0.0,great,16.0
1982868,KARNA-PARVA,8.0,ADJ,35,carless,21.0,0.0,carless,35.0
1982896,KARNA-PARVA,8.0,ADJ,35,great,22.0,0.0,great,27.0
1983436,KARNA-PARVA,8.0,ADJ,35,cheerful,38.0,0.0,cheerful,21.0
1983587,KARNA-PARVA,8.0,ADJ,35,other,44.0,1.0,other,5.0
1984296,KARNA-PARVA,8.0,ADJ,36,cheerful,8.0,0.0,cheerful,10.0
1984478,KARNA-PARVA,8.0,ADJ,36,excellent,12.0,0.0,excellent,8.0
1985287,KARNA-PARVA,8.0,ADJ,36,great,35.0,0.0,great,25.0
1985323,KARNA-PARVA,8.0,ADJ,37,mighty,1.0,0.0,mighty,13.0
1985513,KARNA-PARVA,8.0,ADJ,37,great,7.0,0.0,great,18.0
1986876,KARNA-PARVA,8.0,ADJ,37,forbear,47.0,0.0,forbear,7.0
1986882,KARNA-PARVA,8.0,ADJ,37,such,47.0,1.0,such,13.0
1987362,KARNA-PARVA,8.0,ADJ,37,harsh,59.0,0.0,harsh,17.0
1987610,KARNA-PARVA,8.0,ADJ,37,cheerful,68.0,0.0,cheerful,26.0
1989194,KARNA-PARVA,8.0,ADJ,39,desirous,23.0,0.0,desirous,21.0
1989480,KARNA-PARVA,8.0,ADJ,39,challeng,31.0,0.0,challengest,6.0
1989823,KARNA-PARVA,8.0,ADJ,39,bark,38.0,0.0,barkest,32.0
1992655,KARNA-PARVA,8.0,ADJ,41,slight,10.0,0.0,slightest,13.0
1995759,KARNA-PARVA,8.0,ADJ,41,utter,107.0,0.0,utter,42.0
1995760,KARNA-PARVA,8.0,ADJ,41,such,107.0,1.0,such,43.0
1998772,KARNA-PARVA,8.0,ADJ,43,wicked,8.0,0.0,wicked,20.0
1999059,KARNA-PARVA,8.0,ADJ,44,such,2.0,1.0,such,50.0
1999060,KARNA-PARVA,8.0,ADJ,44,disagreeable,2.0,0.0,disagreeable,51.0
1999066,KARNA-PARVA,8.0,ADJ,44,latter,2.0,1.0,latter,57.0
2002695,KARNA-PARVA,8.0,ADJ,45,prevalent,75.0,0.0,prevalent,25.0
2002963,KARNA-PARVA,8.0,ADJ,45,joined,88.0,0.0,joined,37.0
2004134,KARNA-PARVA,8.0,ADJ,46,mighty,29.0,0.0,mighty,53.0
2004143,KARNA-PARVA,8.0,ADJ,46,hostile,30.0,0.0,hostile,2.0
2004703,KARNA-PARVA,8.0,ADJ,46,whole,40.0,1.0,whole,65.0
2004764,KARNA-PARVA,8.0,ADJ,46,terrible,43.0,0.0,terrible,7.0
2004766,KARNA-PARVA,8.0,ADJ,46,portentous,43.0,0.0,portentous,9.0
2005022,KARNA-PARVA,8.0,ADJ,46,loud,53.0,0.0,loud,12.0
2005173,KARNA-PARVA,8.0,ADJ,46,very,57.0,1.0,very,36.0
2007185,KARNA-PARVA,8.0,ADJ,47,latter,19.0,1.0,latter,41.0
2007274,KARNA-PARVA,8.0,ADJ,47,great,22.0,0.0,great,37.0
2007281,KARNA-PARVA,8.0,ADJ,47,great,22.0,0.0,great,44.0
2007656,KARNA-PARVA,8.0,ADJ,48,dead,9.0,0.0,dead,14.0
2007661,KARNA-PARVA,8.0,ADJ,48,excited,10.0,0.0,excited,4.0
2007833,KARNA-PARVA,8.0,ADJ,48,irresistible,15.0,0.0,irresistible,11.0
2007996,KARNA-PARVA,8.0,ADJ,48,eld,23.0,0.0,eldest,2.0
2008546,KARNA-PARVA,8.0,ADJ,48,desirous,39.0,0.0,desirous,4.0
2008645,KARNA-PARVA,8.0,ADJ,48,mighty,42.0,0.0,mighty,2.0
2009770,KARNA-PARVA,8.0,ADJ,48,irresistible,76.0,0.0,irresistible,17.0
2010000,KARNA-PARVA,8.0,ADJ,49,rushed,5.0,0.0,rushed,24.0
2010151,KARNA-PARVA,8.0,ADJ,49,rushed,10.0,0.0,rushed,11.0
2010248,KARNA-PARVA,8.0,ADJ,49,hostile,12.0,0.0,hostile,19.0
2010283,KARNA-PARVA,8.0,ADJ,49,vain,12.0,0.0,vain,54.0
2010607,KARNA-PARVA,8.0,ADJ,49,mighty,22.0,0.0,mighty,32.0
2010632,KARNA-PARVA,8.0,ADJ,49,armed,23.0,0.0,armed,16.0
2010919,KARNA-PARVA,8.0,ADJ,49,straight,32.0,0.0,straight,15.0
2011091,KARNA-PARVA,8.0,ADJ,49,many,36.0,1.0,many,12.0
2011177,KARNA-PARVA,8.0,ADJ,49,heroic,38.0,0.0,heroic,2.0
2011211,KARNA-PARVA,8.0,ADJ,49,high,39.0,0.0,high,2.0
2011217,KARNA-PARVA,8.0,ADJ,49,great,39.0,0.0,great,8.0
2011492,KARNA-PARVA,8.0,ADJ,49,latter,47.0,1.0,latter,16.0
2011634,KARNA-PARVA,8.0,ADJ,49,unable,52.0,0.0,unable,9.0
2011750,KARNA-PARVA,8.0,ADJ,49,good,55.0,0.0,best,21.0
2012048,KARNA-PARVA,8.0,ADJ,49,mighty,69.0,0.0,mighty,15.0
2012053,KARNA-PARVA,8.0,ADJ,49,free,69.0,0.0,free,20.0
2012177,KARNA-PARVA,8.0,ADJ,49,heroic,73.0,0.0,heroic,9.0
2013992,KARNA-PARVA,8.0,ADJ,50,mighty,15.0,0.0,mighty,51.0
2013994,KARNA-PARVA,8.0,ADJ,50,armed,15.0,0.0,armed,53.0
2014649,KARNA-PARVA,8.0,ADJ,50,mighty,41.0,0.0,mighty,2.0
2014757,KARNA-PARVA,8.0,ADJ,50,more,44.0,1.0,more,3.0
2014764,KARNA-PARVA,8.0,ADJ,50,immeasurable,44.0,0.0,immeasurable,10.0
2014805,KARNA-PARVA,8.0,ADJ,50,straight,46.0,0.0,straight,12.0
2014807,KARNA-PARVA,8.0,ADJ,50,keen,46.0,0.0,keen,14.0
2014807,KARNA-PARVA,8.0,ADJ,50,keen,46.0,0.0,keen,14.0
2014910,KARNA-PARVA,8.0,ADJ,50,many,49.0,1.0,many,37.0
2014911,KARNA-PARVA,8.0,ADJ,50,keen,49.0,0.0,keen,38.0
2015266,KARNA-PARVA,8.0,ADJ,51,armed,1.0,0.0,armed,35.0
2016137,KARNA-PARVA,8.0,ADJ,51,thy,23.0,0.0,thy,36.0
2016280,KARNA-PARVA,8.0,ADJ,51,loud,27.0,0.0,loud,32.0
2016395,KARNA-PARVA,8.0,ADJ,51,loud,30.0,0.0,loud,60.0
2016458,KARNA-PARVA,8.0,ADJ,51,great,32.0,0.0,greater,17.0
2016464,KARNA-PARVA,8.0,ADJ,51,keen,32.0,0.0,keen,23.0
2016509,KARNA-PARVA,8.0,ADJ,51,other,33.0,1.0,other,43.0
2016550,KARNA-PARVA,8.0,ADJ,51,great,35.0,0.0,great,7.0
2016630,KARNA-PARVA,8.0,ADJ,51,great,37.0,0.0,great,15.0
2017435,KARNA-PARVA,8.0,ADJ,51,thick,62.0,0.0,thick,31.0
2024307,KARNA-PARVA,8.0,ADJ,56,very,2.0,1.0,very,3.0
2024347,KARNA-PARVA,8.0,ADJ,56,good,4.0,0.0,best,8.0
2025733,KARNA-PARVA,8.0,ADJ,56,mighty,41.0,0.0,mighty,3.0
2026272,KARNA-PARVA,8.0,ADJ,56,diverse,54.0,0.0,diverse,13.0
2026566,KARNA-PARVA,8.0,ADJ,56,handed,60.0,0.0,handed,28.0
2026759,KARNA-PARVA,8.0,ADJ,56,magnificent,64.0,0.0,magnificent,54.0
2026767,KARNA-PARVA,8.0,ADJ,56,diverse,64.0,0.0,diverse,62.0
2027449,KARNA-PARVA,8.0,ADJ,56,intelligent,87.0,0.0,intelligent,9.0
2027502,KARNA-PARVA,8.0,ADJ,56,incapable,89.0,0.0,incapable,16.0
2030627,KARNA-PARVA,8.0,ADJ,58,great,2.0,0.0,great,7.0
2032657,KARNA-PARVA,8.0,ADJ,59,mighty,8.0,0.0,mighty,5.0
2032853,KARNA-PARVA,8.0,ADJ,59,many,10.0,1.0,many,105.0
2033712,KARNA-PARVA,8.0,ADJ,59,very,39.0,1.0,very,29.0
2035481,KARNA-PARVA,8.0,ADJ,60,assailed,21.0,0.0,Assailed,1.0
2035586,KARNA-PARVA,8.0,ADJ,60,dead,23.0,0.0,dead,55.0
2036019,KARNA-PARVA,8.0,ADJ,60,dreadful,35.0,0.0,dreadful,34.0
2036135,KARNA-PARVA,8.0,ADJ,60,terrifying,39.0,0.0,terrifying,6.0
2036247,KARNA-PARVA,8.0,ADJ,60,white,43.0,0.0,white,7.0
2036477,KARNA-PARVA,8.0,ADJ,60,unsupported,51.0,0.0,unsupported,5.0
2036856,KARNA-PARVA,8.0,ADJ,60,great,64.0,0.0,great,7.0
2037478,KARNA-PARVA,8.0,ADJ,60,heroic,84.0,0.0,heroic,10.0
2037483,KARNA-PARVA,8.0,ADJ,60,other,84.0,1.0,other,15.0
2038241,KARNA-PARVA,8.0,ADJ,61,mighty,3.0,0.0,mighty,13.0
2038259,KARNA-PARVA,8.0,ADJ,61,armed,4.0,0.0,armed,4.0
2038725,KARNA-PARVA,8.0,ADJ,61,mighty,17.0,0.0,mighty,5.0
2038837,KARNA-PARVA,8.0,ADJ,61,good,19.0,0.0,best,15.0
2041325,KARNA-PARVA,8.0,ADJ,62,high,22.0,0.0,highest,3.0
2041396,KARNA-PARVA,8.0,ADJ,62,keen,24.0,0.0,keen,18.0
2041535,KARNA-PARVA,8.0,ADJ,62,great,28.0,0.0,great,3.0
2041634,KARNA-PARVA,8.0,ADJ,62,royal,30.0,0.0,royal,13.0
2042095,KARNA-PARVA,8.0,ADJ,63,latter,9.0,1.0,latter,30.0
2042241,KARNA-PARVA,8.0,ADJ,63,valiant,13.0,0.0,valiant,4.0
2042536,KARNA-PARVA,8.0,ADJ,63,latter,23.0,1.0,latter,16.0
2042538,KARNA-PARVA,8.0,ADJ,63,excited,23.0,0.0,excited,18.0
2044955,KARNA-PARVA,8.0,ADJ,64,mighty,51.0,0.0,mighty,27.0
2044958,KARNA-PARVA,8.0,ADJ,64,immeasurable,51.0,0.0,immeasurable,30.0
2045486,KARNA-PARVA,8.0,ADJ,64,able,67.0,0.0,able,8.0
2046809,KARNA-PARVA,8.0,ADJ,66,mighty,3.0,0.0,mighty,21.0
2047223,KARNA-PARVA,8.0,ADJ,66,innumerable,22.0,0.0,innumerable,4.0
2047228,KARNA-PARVA,8.0,ADJ,66,mighty,22.0,0.0,mighty,9.0
2047416,KARNA-PARVA,8.0,ADJ,66,awake,31.0,0.0,Awake,1.0
2047454,KARNA-PARVA,8.0,ADJ,66,full,32.0,1.0,full,15.0
2047636,KARNA-PARVA,8.0,ADJ,66,equal,41.0,0.0,equal,5.0
2047919,KARNA-PARVA,8.0,ADJ,66,wicked,53.0,0.0,wicked,58.0
2048231,KARNA-PARVA,8.0,ADJ,66,little,60.0,0.0,little,13.0
2048269,KARNA-PARVA,8.0,ADJ,66,wicked,61.0,0.0,wicked,4.0
2048358,KARNA-PARVA,8.0,ADJ,66,sinful,63.0,0.0,sinful,11.0
2048455,KARNA-PARVA,8.0,ADJ,66,wicked,66.0,0.0,wicked,30.0
2048568,KARNA-PARVA,8.0,ADJ,66,great,72.0,0.0,great,15.0
2048607,KARNA-PARVA,8.0,ADJ,66,hast,72.0,0.0,hast,54.0
2048666,KARNA-PARVA,8.0,ADJ,66,little,74.0,0.0,little,7.0
2048777,KARNA-PARVA,8.0,ADJ,66,agreeable,76.0,0.0,agreeable,9.0
2049532,KARNA-PARVA,8.0,ADJ,67,open,16.0,0.0,open,23.0
2049618,KARNA-PARVA,8.0,ADJ,67,inconceivable,21.0,0.0,inconceivable,4.0
2049651,KARNA-PARVA,8.0,ADJ,67,cruel,22.0,0.0,cruel,32.0
2049704,KARNA-PARVA,8.0,ADJ,67,mighty,24.0,0.0,mighty,35.0
2050030,KARNA-PARVA,8.0,ADJ,68,mighty,1.0,0.0,mighty,15.0
2050112,KARNA-PARVA,8.0,ADJ,68,unable,2.0,0.0,unable,19.0
2050182,KARNA-PARVA,8.0,ADJ,68,single,5.0,0.0,single,23.0
2051028,KARNA-PARVA,8.0,ADJ,68,fierce,35.0,0.0,fierce,38.0
2053936,KARNA-PARVA,8.0,ADJ,69,numerous,101.0,0.0,numerous,92.0
2054011,KARNA-PARVA,8.0,ADJ,69,might,104.0,0.0,mightest,10.0
2054027,KARNA-PARVA,8.0,ADJ,69,wretched,105.0,0.0,wretched,8.0
2054033,KARNA-PARVA,8.0,ADJ,69,incapable,105.0,0.0,incapable,14.0
2054100,KARNA-PARVA,8.0,ADJ,69,unbearable,107.0,0.0,unbearable,24.0
2054100,KARNA-PARVA,8.0,ADJ,69,unbearable,107.0,0.0,unbearable,24.0
2056564,KARNA-PARVA,8.0,ADJ,70,childless,74.0,0.0,childless,21.0
2058471,KARNA-PARVA,8.0,ADJ,71,mighty,30.0,0.0,mighty,32.0
2058554,KARNA-PARVA,8.0,ADJ,71,wicked,33.0,0.0,wicked,44.0
2060075,KARNA-PARVA,8.0,ADJ,72,armed,34.0,0.0,armed,7.0
2060172,KARNA-PARVA,8.0,ADJ,72,mighty,42.0,0.0,mighty,4.0
2060179,KARNA-PARVA,8.0,ADJ,72,equal,42.0,0.0,equal,11.0
2060489,KARNA-PARVA,8.0,ADJ,72,own,61.0,1.0,own,21.0
2060666,KARNA-PARVA,8.0,ADJ,72,proud,69.0,0.0,proud,17.0
2060713,KARNA-PARVA,8.0,ADJ,72,brave,71.0,0.0,brave,3.0
2063194,KARNA-PARVA,8.0,ADJ,73,souled,61.0,0.0,souled,4.0
2063406,KARNA-PARVA,8.0,ADJ,73,wicked,69.0,0.0,wicked,15.0
2063452,KARNA-PARVA,8.0,ADJ,73,wicked,71.0,0.0,wicked,26.0
2063457,KARNA-PARVA,8.0,ADJ,73,sinful,71.0,0.0,sinful,31.0
2063732,KARNA-PARVA,8.0,ADJ,73,deep,79.0,0.0,deep,45.0
2063909,KARNA-PARVA,8.0,ADJ,73,harsh,87.0,0.0,harsh,10.0
2063911,KARNA-PARVA,8.0,ADJ,73,bitter,87.0,0.0,bitter,12.0
2064204,KARNA-PARVA,8.0,ADJ,73,sinful,99.0,0.0,sinful,6.0
2064208,KARNA-PARVA,8.0,ADJ,73,wicked,99.0,0.0,wicked,10.0
2064607,KARNA-PARVA,8.0,ADJ,73,equal,111.0,0.0,equal,8.0
2064644,KARNA-PARVA,8.0,ADJ,73,whetted,112.0,0.0,whetted,11.0
2064782,KARNA-PARVA,8.0,ADJ,73,dreadful,115.0,0.0,dreadful,21.0
2064954,KARNA-PARVA,8.0,ADJ,73,heroic,121.0,0.0,heroic,5.0
2065085,KARNA-PARVA,8.0,ADJ,73,awful,124.0,0.0,awful,2.0
2065178,KARNA-PARVA,8.0,ADJ,73,thy,127.0,0.0,thy,28.0
2065338,KARNA-PARVA,8.0,ADJ,73,keen,133.0,0.0,keen,7.0
2065413,KARNA-PARVA,8.0,ADJ,73,mighty,136.0,0.0,mighty,14.0
2065923,KARNA-PARVA,8.0,ADJ,74,keen,15.0,0.0,keen,10.0
2066117,KARNA-PARVA,8.0,ADJ,74,own,21.0,1.0,own,18.0
2066200,KARNA-PARVA,8.0,ADJ,74,last,22.0,1.0,last,64.0
2066277,KARNA-PARVA,8.0,ADJ,74,wicked,24.0,0.0,wicked,34.0
2066310,KARNA-PARVA,8.0,ADJ,74,own,26.0,1.0,own,14.0
2073207,KARNA-PARVA,8.0,ADJ,77,more,75.0,1.0,more,23.0
2073510,KARNA-PARVA,8.0,ADJ,78,immeasurable,7.0,0.0,immeasurable,13.0
2073681,KARNA-PARVA,8.0,ADJ,78,great,13.0,0.0,great,17.0
2073901,KARNA-PARVA,8.0,ADJ,78,unvanquished,18.0,0.0,unvanquished,6.0
2074006,KARNA-PARVA,8.0,ADJ,78,good,20.0,0.0,best,9.0
2074315,KARNA-PARVA,8.0,ADJ,78,heroic,27.0,0.0,heroic,21.0
2074528,KARNA-PARVA,8.0,ADJ,78,great,34.0,0.0,great,27.0
2074598,KARNA-PARVA,8.0,ADJ,78,very,35.0,1.0,very,27.0
2074603,KARNA-PARVA,8.0,ADJ,78,loud,36.0,0.0,Loud,1.0
2074761,KARNA-PARVA,8.0,ADJ,78,armed,41.0,0.0,armed,12.0
2074880,KARNA-PARVA,8.0,ADJ,78,various,43.0,1.0,various,56.0
2074914,KARNA-PARVA,8.0,ADJ,78,impassable,44.0,0.0,impassable,20.0
2074983,KARNA-PARVA,8.0,ADJ,78,celestial,46.0,0.0,celestial,23.0
2075029,KARNA-PARVA,8.0,ADJ,78,mighty,48.0,0.0,mighty,2.0
2075101,KARNA-PARVA,8.0,ADJ,78,great,49.0,0.0,great,20.0
2075434,KARNA-PARVA,8.0,ADJ,78,mighty,57.0,0.0,mighty,20.0
2075994,KARNA-PARVA,8.0,ADJ,79,afraid,13.0,0.0,afraid,6.0
2076205,KARNA-PARVA,8.0,ADJ,79,mighty,20.0,0.0,mighty,16.0
2076215,KARNA-PARVA,8.0,ADJ,79,single,20.0,0.0,single,26.0
2076416,KARNA-PARVA,8.0,ADJ,79,desirous,24.0,0.0,desirous,26.0
2077127,KARNA-PARVA,8.0,ADJ,79,foremost,52.0,0.0,foremost,24.0
2082354,KARNA-PARVA,8.0,ADJ,81,hopeless,43.0,0.0,hopeless,17.0
2082492,KARNA-PARVA,8.0,ADJ,81,fathomless,48.0,0.0,fathomless,14.0
2082591,KARNA-PARVA,8.0,ADJ,81,mighty,50.0,0.0,mighty,57.0
2082599,KARNA-PARVA,8.0,ADJ,81,uninspired,51.0,0.0,uninspired,5.0
2083090,KARNA-PARVA,8.0,ADJ,82,many,7.0,1.0,many,37.0
2083304,KARNA-PARVA,8.0,ADJ,82,other,13.0,1.0,other,22.0
2083664,KARNA-PARVA,8.0,ADJ,82,great,24.0,0.0,great,15.0
2083763,KARNA-PARVA,8.0,ADJ,82,many,26.0,1.0,many,67.0
2084179,KARNA-PARVA,8.0,ADJ,82,many,34.0,1.0,many,33.0
2084180,KARNA-PARVA,8.0,ADJ,82,keen,34.0,0.0,keen,34.0
2085674,KARNA-PARVA,8.0,ADJ,83,very,26.0,1.0,very,40.0
2086341,KARNA-PARVA,8.0,ADJ,83,vindictive,42.0,0.0,vindictive,2.0
2087448,KARNA-PARVA,8.0,ADJ,84,immeasurable,18.0,0.0,immeasurable,10.0
2087635,KARNA-PARVA,8.0,ADJ,84,mighty,22.0,0.0,mighty,3.0
2088271,KARNA-PARVA,8.0,ADJ,84,diverse,39.0,0.0,diverse,18.0
2088272,KARNA-PARVA,8.0,ADJ,84,beautiful,39.0,0.0,beautiful,19.0
2090369,KARNA-PARVA,8.0,ADJ,85,great,36.0,0.0,great,15.0
2090422,KARNA-PARVA,8.0,ADJ,85,souled,36.0,0.0,souled,68.0
2090538,KARNA-PARVA,8.0,ADJ,85,high,40.0,0.0,high,2.0
2090622,KARNA-PARVA,8.0,ADJ,85,other,41.0,1.0,other,37.0
2091033,KARNA-PARVA,8.0,ADJ,85,great,53.0,0.0,great,27.0
2091112,KARNA-PARVA,8.0,ADJ,85,great,53.0,0.0,great,106.0
2091148,KARNA-PARVA,8.0,ADJ,86,gigantic,1.0,0.0,gigantic,13.0
2091153,KARNA-PARVA,8.0,ADJ,86,incapable,1.0,0.0,incapable,18.0
2091256,KARNA-PARVA,8.0,ADJ,86,white,6.0,0.0,White,1.0
2091486,KARNA-PARVA,8.0,ADJ,86,immeasurable,12.0,0.0,immeasurable,25.0
2091740,KARNA-PARVA,8.0,ADJ,86,mighty,22.0,0.0,mighty,28.0
2091742,KARNA-PARVA,8.0,ADJ,86,armed,22.0,0.0,armed,30.0
2092394,KARNA-PARVA,8.0,ADJ,87,single,10.0,0.0,single,3.0
2092434,KARNA-PARVA,8.0,ADJ,87,numerous,11.0,0.0,numerous,13.0
2093578,KARNA-PARVA,8.0,ADJ,87,anxious,52.0,0.0,anxious,16.0
2093809,KARNA-PARVA,8.0,ADJ,87,wild,58.0,0.0,wild,3.0
2094034,KARNA-PARVA,8.0,ADJ,87,diverse,64.0,0.0,diverse,2.0
2094260,KARNA-PARVA,8.0,ADJ,87,high,66.0,0.0,high,4.0
2094262,KARNA-PARVA,8.0,ADJ,87,souled,66.0,0.0,souled,6.0
2094386,KARNA-PARVA,8.0,ADJ,87,about,70.0,1.0,about,16.0
2096064,KARNA-PARVA,8.0,ADJ,87,cold,133.0,0.0,cold,28.0
2098378,KARNA-PARVA,8.0,ADJ,88,able,62.0,0.0,able,9.0
2098472,KARNA-PARVA,8.0,ADJ,88,tired,65.0,0.0,tired,4.0
2099483,KARNA-PARVA,8.0,ADJ,89,angry,19.0,0.0,angry,26.0
2099536,KARNA-PARVA,8.0,ADJ,89,fiery,19.0,0.0,fiery,79.0
2099538,KARNA-PARVA,8.0,ADJ,89,capable,19.0,0.0,capable,81.0
2099650,KARNA-PARVA,8.0,ADJ,89,great,23.0,0.0,great,19.0
2100034,KARNA-PARVA,8.0,ADJ,89,high,32.0,0.0,high,3.0
2100036,KARNA-PARVA,8.0,ADJ,89,souled,32.0,0.0,souled,5.0
2100158,KARNA-PARVA,8.0,ADJ,89,mighty,34.0,0.0,mighty,17.0
2100497,KARNA-PARVA,8.0,ADJ,89,mighty,40.0,0.0,mighty,45.0
2100775,KARNA-PARVA,8.0,ADJ,89,wretched,48.0,0.0,wretched,14.0
2101386,KARNA-PARVA,8.0,ADJ,89,beautiful,66.0,0.0,beautiful,12.0
2101618,KARNA-PARVA,8.0,ADJ,89,long,72.0,0.0,long,4.0
2101878,KARNA-PARVA,8.0,ADJ,89,terrible,80.0,0.0,terrible,28.0
2101886,KARNA-PARVA,8.0,ADJ,89,awful,80.0,0.0,awful,36.0
2101941,KARNA-PARVA,8.0,ADJ,89,beautiful,82.0,0.0,beautiful,18.0
2102176,KARNA-PARVA,8.0,ADJ,89,good,89.0,0.0,best,8.0
2102209,KARNA-PARVA,8.0,ADJ,89,large,90.0,0.0,large,23.0
2102624,KARNA-PARVA,8.0,ADJ,89,many,103.0,1.0,many,14.0
2102646,KARNA-PARVA,8.0,ADJ,89,straight,103.0,0.0,straight,36.0
2102770,KARNA-PARVA,8.0,ADJ,89,mighty,107.0,0.0,mighty,7.0
2102777,KARNA-PARVA,8.0,ADJ,89,terrible,107.0,0.0,terrible,14.0
2102838,KARNA-PARVA,8.0,ADJ,89,mighty,109.0,0.0,mighty,9.0
2103416,KARNA-PARVA,8.0,ADJ,89,vital,125.0,0.0,vital,8.0
2103657,KARNA-PARVA,8.0,ADJ,89,alive,134.0,0.0,alive,13.0
2103697,KARNA-PARVA,8.0,ADJ,89,empty,135.0,1.0,empty,17.0
2103905,KARNA-PARVA,8.0,ADJ,90,irrefragable,4.0,0.0,irrefragable,13.0
2104048,KARNA-PARVA,8.0,ADJ,90,invisible,9.0,0.0,invisible,23.0
2104532,KARNA-PARVA,8.0,ADJ,90,bright,22.0,0.0,bright,16.0
2104707,KARNA-PARVA,8.0,ADJ,90,last,29.0,1.0,last,3.0
2104838,KARNA-PARVA,8.0,ADJ,90,fierce,31.0,0.0,fierce,18.0
2105114,KARNA-PARVA,8.0,ADJ,90,great,40.0,0.0,great,12.0
2106240,KARNA-PARVA,8.0,ADJ,90,costly,64.0,0.0,costly,8.0
2107270,KARNA-PARVA,8.0,ADJ,90,terrible,97.0,0.0,terrible,14.0
2107369,KARNA-PARVA,8.0,ADJ,90,pierced,101.0,0.0,pierced,2.0
2107369,KARNA-PARVA,8.0,ADJ,90,pierced,101.0,0.0,pierced,2.0
2107395,KARNA-PARVA,8.0,ADJ,90,costly,102.0,0.0,costly,10.0
2107519,KARNA-PARVA,8.0,ADJ,90,great,106.0,0.0,great,9.0
2107547,KARNA-PARVA,8.0,ADJ,90,great,106.0,0.0,great,37.0
2107555,KARNA-PARVA,8.0,ADJ,90,very,106.0,1.0,very,45.0
2107602,KARNA-PARVA,8.0,ADJ,90,fierce,107.0,0.0,fierce,16.0
2107865,KARNA-PARVA,8.0,ADJ,90,inimical,115.0,0.0,inimical,33.0
2107953,KARNA-PARVA,8.0,ADJ,90,many,119.0,1.0,many,28.0
2107954,KARNA-PARVA,8.0,ADJ,90,excellent,119.0,0.0,excellent,29.0
2108231,KARNA-PARVA,8.0,ADJ,90,angry,125.0,0.0,angry,14.0
2108358,KARNA-PARVA,8.0,ADJ,90,desirous,126.0,0.0,desirous,35.0
2108951,KARNA-PARVA,8.0,ADJ,90,mighty,146.0,0.0,mighty,2.0
2109041,KARNA-PARVA,8.0,ADJ,90,many,150.0,1.0,many,36.0
2109041,KARNA-PARVA,8.0,ADJ,90,many,150.0,1.0,many,36.0
2109304,KARNA-PARVA,8.0,ADJ,90,superior,161.0,0.0,superior,7.0
2110700,KARNA-PARVA,8.0,ADJ,91,celestial,31.0,0.0,celestial,31.0
2110826,KARNA-PARVA,8.0,ADJ,91,arrowy,36.0,0.0,arrowy,15.0
2110897,KARNA-PARVA,8.0,ADJ,91,own,38.0,1.0,own,11.0
2110984,KARNA-PARVA,8.0,ADJ,91,very,41.0,1.0,very,29.0
2111745,KARNA-PARVA,8.0,ADJ,91,hopeful,64.0,0.0,hopeful,38.0
2112177,KARNA-PARVA,8.0,ADJ,91,fierce,74.0,0.0,fierce,25.0
2112221,KARNA-PARVA,8.0,ADJ,91,desirous,75.0,0.0,desirous,11.0
2112227,KARNA-PARVA,8.0,ADJ,91,great,75.0,0.0,great,17.0
2112297,KARNA-PARVA,8.0,ADJ,91,desirous,77.0,0.0,desirous,24.0
2112545,KARNA-PARVA,8.0,ADJ,91,noble,82.0,0.0,noble,29.0
2112582,KARNA-PARVA,8.0,ADJ,91,tall,83.0,0.0,tall,17.0
2112818,KARNA-PARVA,8.0,ADJ,91,good,91.0,0.0,good,28.0
2112840,KARNA-PARVA,8.0,ADJ,91,severed,92.0,0.0,severed,4.0
2112845,KARNA-PARVA,8.0,ADJ,91,beautiful,92.0,0.0,beautiful,9.0
2112885,KARNA-PARVA,8.0,ADJ,91,asta,92.0,0.0,Asta,49.0
2113052,KARNA-PARVA,8.0,ADJ,91,heroic,97.0,0.0,heroic,3.0
2113052,KARNA-PARVA,8.0,ADJ,91,heroic,97.0,0.0,heroic,3.0
2113305,KARNA-PARVA,8.0,ADJ,92,desirous,2.0,0.0,Desirous,44.0
2113309,KARNA-PARVA,8.0,ADJ,92,heroic,2.0,0.0,heroic,48.0
2113420,KARNA-PARVA,8.0,ADJ,92,mighty,4.0,0.0,mighty,10.0
2113557,KARNA-PARVA,8.0,ADJ,92,dreadful,8.0,0.0,dreadful,7.0
2114082,KARNA-PARVA,8.0,ADJ,93,uttered,1.0,0.0,uttered,113.0
2117771,KARNA-PARVA,8.0,ADJ,94,loud,30.0,0.0,loud,16.0
2118967,KARNA-PARVA,8.0,ADJ,94,foe,74.0,0.0,foe,6.0
2119643,KARNA-PARVA,8.0,ADJ,94,dreadful,86.0,0.0,dreadful,8.0
2119809,KARNA-PARVA,8.0,ADJ,95,heroic,2.0,0.0,heroic,6.0
2120452,KARNA-PARVA,8.0,ADJ,96,awful,3.0,0.0,awful,21.0
2121729,KARNA-PARVA,8.0,ADJ,96,perfumed,44.0,0.0,perfumed,15.0
2123769,SHALYA-PARVA,9.0,ADJ,1,subject,26.0,0.0,subject,60.0
2124087,SHALYA-PARVA,9.0,ADJ,1,heroic,37.0,0.0,heroic,2.0
2124089,SHALYA-PARVA,9.0,ADJ,1,mighty,37.0,0.0,mighty,4.0
2126970,SHALYA-PARVA,9.0,ADJ,2,valiant,64.0,0.0,valiant,13.0
2127495,SHALYA-PARVA,9.0,ADJ,3,subsequent,1.0,0.0,subsequent,99.0
2130136,SHALYA-PARVA,9.0,ADJ,4,mighty,10.0,0.0,mighty,13.0
2133763,SHALYA-PARVA,9.0,ADJ,6,heroic,3.0,0.0,heroic,6.0
2135990,SHALYA-PARVA,9.0,ADJ,7,superior,37.0,0.0,superior,26.0
2137551,SHALYA-PARVA,9.0,ADJ,8,invincible,29.0,0.0,invincible,32.0
2137900,SHALYA-PARVA,9.0,ADJ,8,great,41.0,0.0,great,16.0
2141749,SHALYA-PARVA,9.0,ADJ,10,illustrious,54.0,0.0,illustrious,14.0
2152617,SHALYA-PARVA,9.0,ADJ,16,other,17.0,1.0,other,32.0
2238666,SHALYA-PARVA,9.0,ADJ,56,great,46.0,0.0,great,13.0
2248429,SHALYA-PARVA,9.0,ADJ,61,souled,44.0,0.0,souled,42.0
2250301,SHALYA-PARVA,9.0,ADJ,62,celestial,15.0,0.0,celestial,21.0
2256496,SHALYA-PARVA,9.0,ADJ,65,great,16.0,0.0,great,14.0
2278734,SAUPTIKA-PARVA,10.0,ADJ,10,angry,20.0,0.0,angry,115.0
2297355,STRI-PARVA,11.0,ADJ,8,great,46.0,0.0,great,12.0
2297358,STRI-PARVA,11.0,ADJ,8,many,47.0,1.0,Many,1.0
2306402,STRI-PARVA,11.0,ADJ,16,such,33.0,1.0,such,14.0
2311325,STRI-PARVA,11.0,ADJ,20,wicked,22.0,0.0,wicked,11.0
2312007,STRI-PARVA,11.0,ADJ,21,mighty,1.0,0.0,mighty,11.0
2312061,STRI-PARVA,11.0,ADJ,21,many,4.0,1.0,many,13.0
2312287,STRI-PARVA,11.0,ADJ,21,invincible,11.0,0.0,invincible,17.0
2312492,STRI-PARVA,11.0,ADJ,21,armed,17.0,0.0,armed,39.0
2312494,STRI-PARVA,11.0,ADJ,21,brave,17.0,0.0,brave,41.0
2321574,SANTI PARVA,12.0,ADJ,I,wonderful,25.0,0.0,wonderful,148.0
2322003,SANTI PARVA,12.0,ADJ,I,intelligent,44.0,0.0,intelligent,2.0
2322007,SANTI PARVA,12.0,ADJ,I,joined,44.0,0.0,joined,6.0
2322125,SANTI PARVA,12.0,ADJ,I,good,48.0,0.0,good,27.0
2322251,SANTI PARVA,12.0,ADJ,I,eld,54.0,0.0,eldest,19.0
2323179,SANTI PARVA,12.0,ADJ,II,welcome,20.0,0.0,welcome,26.0
2323187,SANTI PARVA,12.0,ADJ,II,glad,21.0,0.0,glad,6.0
2323959,SANTI PARVA,12.0,ADJ,III,unable,8.0,0.0,unable,6.0
2324013,SANTI PARVA,12.0,ADJ,III,intolerable,10.0,0.0,intolerable,5.0
2324057,SANTI PARVA,12.0,ADJ,III,last,11.0,1.0,last,6.0
2324780,SANTI PARVA,12.0,ADJ,III,joined,43.0,0.0,joined,13.0
2325655,SANTI PARVA,12.0,ADJ,IV,great,21.0,0.0,great,45.0
2325906,SANTI PARVA,12.0,ADJ,V,about,4.0,1.0,about,17.0
2326049,SANTI PARVA,12.0,ADJ,V,famous,8.0,0.0,famous,7.0
2326480,SANTI PARVA,12.0,ADJ,VI,past,5.0,0.0,past,4.0
2355380,SANTI PARVA,12.0,ADJ,XXVII,eld,20.0,0.0,eldest,8.0
2382990,SANTI PARVA,12.0,ADJ,XLIII,high,2.0,0.0,high,71.0
2996263,SANTI PARVA,12.0,ADJ,CCCLXV,first,789.0,1.0,first,9.0
2996271,SANTI PARVA,12.0,ADJ,CCCLXV,last,789.0,1.0,last,17.0
3550178,ASWAMEDHA PARVA,14.0,ADJ,XIV,mortal,14.0,0.0,mortal,27.0
3550185,ASWAMEDHA PARVA,14.0,ADJ,XIV,other,14.0,1.0,other,34.0
3597775,ASWAMEDHA PARVA,14.0,ADJ,LII,sinful,44.0,0.0,sinful,37.0
3610235,ASWAMEDHA PARVA,14.0,ADJ,LX,fierce,27.0,0.0,fierce,9.0
3610273,ASWAMEDHA PARVA,14.0,ADJ,LX,dispirited,28.0,0.0,dispirited,10.0
3611532,ASWAMEDHA PARVA,14.0,ADJ,LXI,last,26.0,1.0,last,28.0
3682697,ASRAMAVASIKA PARVA,15.0,ADJ,XI,such,25.0,1.0,such,9.0
3682698,ASRAMAVASIKA PARVA,15.0,ADJ,XI,obsequial,25.0,0.0,obsequial,10.0
3691360,ASRAMAVASIKA PARVA,15.0,ADJ,XXI,armed,16.0,0.0,armed,24.0
3701509,ASRAMAVASIKA PARVA,15.0,ADJ,XXX,ascribable,35.0,0.0,ascribable,4.0
3703496,ASRAMAVASIKA PARVA,15.0,ADJ,XXXIII,mighty,5.0,0.0,mighty,14.0
3733117,SVARGAROHANIKA-PARVA,18.0,ADJ,1,high,30.0,0.0,high,2.0
3733521,SVARGAROHANIKA-PARVA,18.0,ADJ,2,immeasurable,9.0,0.0,immeasurable,34.0
3734892,SVARGAROHANIKA-PARVA,18.0,ADJ,2,high,72.0,0.0,high,14.0
3735996,SVARGAROHANIKA-PARVA,18.0,ADJ,3,mighty,26.0,0.0,mighty,17.0
3736824,SVARGAROHANIKA-PARVA,18.0,ADJ,3,truthful,55.0,0.0,truthful,34.0
